date,PM10,Temp,Humidity,SleepTime,ActivityTime,Caffeine,PhoneTime,MoodScore,ConditionScore,ConditionLabel
20230818,35,29.1,72.1,7.382830247852659,6.410847074586821,2,4.750451195806457,51.2933450357842,38,1
20230819,25,29.1,68.9,9.082673191129652,4.140936430525088,2,4.210300740547429,65.53224556554382,49,2
20230820,25,28.3,71.8,10.0,4.748073694372767,4,4.863852272809091,77.43310101413418,42,1
20230821,23,29.5,69.8,9.390587224974936,3.1105515266215527,1,4.4529398337241375,71.48566815310944,54,3
20230822,19,27.6,80.3,8.880876000516858,6.586362575039933,1,3.4148333090668705,71.84889727885714,59,4
20230823,12,24.8,91.3,9.744771059256072,5.218136221230895,3,4.625568610954652,77.439672721341,50,2
20230824,5,25.1,84.8,8.053021727325135,3.862608742051176,0,3.647827296762875,70.44119472007918,63,5
20230825,9,26.5,77.9,8.598922050529918,3.343920188361804,3,3.9355161011436457,70.03336516700273,50,2
20230826,37,26.4,72.3,8.935266918323675,3.554281117874985,0,4.647876948675679,71.04537836776245,55,4
20230827,26,26.1,75.0,9.77418625396112,5.007973121793599,2,4.951252582944903,76.0940025111646,49,2
20230828,13,22.7,87.5,8.627715825479434,2.3440971558196515,1,4.690851051767567,63.40115880567595,57,4
20230829,15,23.9,89.6,8.948597142606614,7.035509102450524,3,3.8099753451929246,79.20456147450349,56,4
20230830,17,22.8,88.0,9.40103012655469,4.919083768954202,2,3.738171878185271,78.39605141246736,60,5
20230831,20,23.9,76.9,9.433601110121163,3.950272213277524,2,3.6992468625188977,72.05999172925057,58,4
20230901,25,24.5,70.6,8.75787885582892,3.2248009206722426,1,2.9099731233766626,70.4522908411275,59,4
20230902,27,25.4,63.9,9.724595973759005,4.964412145631329,4,3.604148441736597,72.8831121567235,45,2
20230903,16,25.8,77.8,8.818456192282632,4.094657301596885,3,3.3976392940525484,61.59453621713534,49,2
20230904,16,27.0,79.9,9.645118034287552,4.670034046065299,4,3.610562894916476,75.88904315506304,48,2
20230905,16,28.5,69.5,8.944887933853002,4.006016156830354,2,3.9548797506097766,60.014351945259484,51,3
20230906,15,27.9,65.1,8.804538914537146,3.120508080313119,2,2.704417984065206,63.613500529847954,56,4
20230907,16,26.3,54.8,9.36599404806005,4.214271102402718,0,5.271793532905265,69.59552330317196,60,5
20230908,16,25.3,60.3,9.05868849984946,4.2268405346601,1,3.034543180208619,63.200677914817646,59,4
20230909,28,25.8,66.3,7.995207793540874,3.7393743869234246,1,4.285724149501641,65.34179405859555,50,2
20230910,34,25.7,68.1,9.947997805126242,4.694814495389401,1,4.30479536131319,76.30970821773441,54,3
20230911,29,25.5,67.3,10.0,5.037016578741291,3,4.231258127447144,81.87765631099576,49,2
20230912,28,25.7,69.8,8.512768292424216,2.771743429121733,0,5.524291438388925,61.09783754714436,50,2
20230913,21,22.1,84.5,8.364268795560053,5.687223160421546,0,2.6865285360288924,62.98950908054434,66,5
20230914,6,23.4,72.4,10.0,6.1037993487563815,2,4.303276375349897,97.68487639522232,65,5
20230915,8,22.3,82.3,8.60038583038664,1.3102587953299802,2,3.033235604368076,60.08544368583276,54,3
20230916,10,23.9,87.8,9.92222928050484,4.44297396207408,4,3.4533116966679547,75.75053481621443,54,3
20230917,12,24.7,84.8,8.257498396332071,1.987683006721399,2,3.030605672575492,63.05721336210301,53,3
20230918,16,24.7,79.1,8.62216564851302,6.255176673737892,0,4.184039756592086,66.32360701023757,59,4
20230919,26,24.1,81.1,8.95810643869643,8.05027181565037,3,3.35899774046096,80.2867853713367,52,3
20230920,19,20.6,90.4,8.949514812477357,5.273217978930866,0,5.005735866345056,72.93186349825567,62,5
20230921,9,20.1,70.9,8.140567867470708,4.0526969829566015,1,4.421535760280601,59.40861129219157,57,4
20230922,19,20.5,68.4,9.74136194102208,5.0220330148789865,4,5.566254109881247,76.01688987175233,44,1
20230923,16,21.8,63.9,10.0,4.13755988676702,4,4.183347736483056,78.21930438004037,50,2
20230924,10,21.8,56.4,7.80685954956366,2.8923389295874964,1,4.102042932949669,74.13890132878387,64,5
20230925,11,21.6,66.4,9.95451048034643,4.187890887953677,3,3.7796883053003936,70.1087181562805,55,4
20230926,4,19.9,95.8,9.55109939579566,4.035907418288178,4,4.709506302798227,70.22685247801545,49,2
20230927,9,21.5,90.1,9.657694369952544,4.834606402544642,1,5.455745420112238,63.520301480297256,56,4
20230928,44,22.7,78.3,7.831023051749463,2.6608776375119696,0,3.267986902355309,61.121707323044426,57,4
20230929,28,21.1,61.5,8.409552486740447,4.821774704189363,2,2.6553958294297995,67.85834407328004,58,4
20230930,26,19.7,77.0,9.523263560022013,6.827557215662498,3,4.58793924200064,72.3297004059423,50,2
20231001,24,18.4,59.5,8.470285333759474,5.048874552635266,2,4.229411047983759,70.06388768358,58,4
20231002,17,18.2,53.8,9.050170974668104,7.820130242836866,0,6.463730945704966,76.6004711234078,62,5
20231003,19,17.5,66.3,9.67804719278918,5.244014438906031,2,3.418055839507325,72.89943261654292,55,4
20231004,20,17.3,75.5,7.884652901310153,4.426769608668979,2,1.90308290502868,62.499936329059054,56,4
20231005,30,14.2,46.1,8.427047136245834,4.607705910680693,3,5.117039932804817,58.18660622631506,42,1
20231006,22,15.5,55.3,9.448969176999798,3.00353294702853,1,2.705865520681206,91.58989691113484,70,5
20231007,18,16.8,62.6,9.862402150724613,5.298751026267122,1,3.629941327402124,73.54605362436074,59,4
20231008,9,17.1,67.1,8.71419396233387,5.45779627064844,0,4.767601134860264,72.43006522698197,60,5
20231009,10,17.4,68.1,8.71190561089739,4.331769396325968,0,3.755434751753097,68.7637573993103,62,5
20231010,16,17.1,67.1,9.17919247153194,4.9889803803705455,0,5.0204810529390285,75.26820341446127,59,4
20231011,20,17.6,57.5,8.834481193693291,5.2871759002181244,2,3.253813901224487,85.3522233407441,62,5
20231012,26,17.5,62.4,8.713357250010311,3.51232870824248,4,4.399270357553214,73.38813450396793,42,1
20231013,33,17.5,69.6,9.469325786879915,1.8797266700768591,2,4.543292004003156,72.34673404563473,46,2
20231014,26,14.7,84.9,8.754148253798329,5.007667770724539,0,3.659898997546765,69.94462710306847,60,5
20231015,23,16.1,80.0,10.0,4.882863707311901,4,3.8370116714347535,60.00977479199873,42,1
20231016,43,14.7,57.0,8.612776443869233,5.136905235992136,0,4.245860539378226,60.92731802363292,56,4
20231017,34,13.8,55.6,9.587344543349335,2.236922814686072,1,5.774469364122671,69.35462915043307,51,3
20231018,31,15.7,67.0,9.55916334101295,4.133901449304864,2,3.0118764292366373,77.93495106516193,56,4
20231019,26,17.0,82.5,10.0,5.32900893004143,1,5.276235693974407,80.72643336864836,53,3
20231020,19,11.6,46.9,8.552309991786505,4.868769738536213,2,3.693591899936103,75.96132735774566,58,4
20231021,16,10.4,54.8,10.0,4.413001764092744,4,4.807915577536861,79.42040179301456,49,2
20231022,22,12.5,67.3,8.79361207890616,2.1456254635107683,1,4.8020627930938815,59.67572856283743,49,2
20231023,26,15.2,73.8,9.357040856848188,5.667524341190422,3,5.593252238273434,66.67997854880939,41,1
20231024,31,15.6,78.5,9.268371199153377,3.536456881239737,4,2.8952147905594585,76.21246910982701,48,2
20231025,34,16.6,78.6,8.479969957041543,5.098087829000308,1,1.819829641360386,73.02940603868856,61,5
20231026,43,17.2,79.4,8.897054417687148,3.6367993721870073,2,2.070709841201036,59.93118178788689,52,3
20231027,26,15.7,71.1,8.98792143459659,6.021754621103554,2,4.434580417697372,77.85419686595479,51,3
20231028,35,14.2,62.9,9.007229256366534,5.030948906937404,0,4.308152037241576,68.38391087401898,56,4
20231029,28,14.9,61.6,9.524230008646668,5.310694499003888,1,3.889666014717005,70.39904886006812,55,4
20231030,39,15.1,72.0,8.711907719102761,3.4174243759058567,1,5.595723114054206,68.32564158108957,46,2
20231031,47,16.5,76.0,9.71426732307144,6.70415534979559,1,4.149171331483534,83.68143861653635,54,3
20231101,49,19.0,81.8,8.510085471187512,4.245682980815567,2,6.468499753945094,74.91288044509659,42,1
20231102,39,20.8,70.9,8.00538970429003,6.779196637782802,0,4.160748010738265,63.03395651139419,56,4
20231103,33,19.5,83.3,9.496279542364698,5.330982818862758,3,3.303812310586121,75.92515166445766,54,3
20231104,43,17.4,75.5,8.292056210577664,4.691530589117388,2,1.8062446813731348,70.50784949354563,54,3
20231105,12,17.3,87.0,9.044358332277636,5.872388654849736,0,4.213300857459985,78.28889787755693,63,5
20231106,19,13.3,84.9,9.27142987679715,4.9083881878126165,0,3.9455514396393534,72.19684797698564,61,5
20231107,20,5.8,62.5,9.372485902738354,4.420217613815823,1,3.847533142851956,61.68121054052605,55,4
20231108,24,8.4,55.1,8.091917638134,0.9295713873520408,3,2.587128859269716,64.52376078372995,46,2
20231109,28,11.4,73.1,10.0,6.338762310775564,4,4.320978629111215,76.46087184072275,43,1
20231110,16,3.4,53.1,9.728918746630226,6.804780879412036,4,3.990680764249074,71.55232055839518,50,2
20231111,18,1.7,47.9,8.02412816232624,3.2159979787884634,0,2.609853771625138,70.59448524305972,68,5
20231112,18,1.2,53.8,7.881108435480809,5.229786093978177,0,2.7368087688131144,70.35004847096654,67,5
20231113,22,2.0,54.0,8.8404916763616,6.081415059065529,4,2.292182276107707,67.54776057642148,53,3
20231114,26,5.0,66.1,9.329461034055525,5.243094948865976,4,3.498940528309158,73.29871876188257,46,2
20231115,43,7.0,71.4,8.96563217161332,3.946607011109769,4,5.524609773533946,71.75292070658385,35,1
20231116,47,6.6,85.0,9.183365445216053,5.022471786188359,0,5.387337720500251,73.58483713352055,51,3
20231117,18,1.6,59.3,9.968465806017567,4.6897719609747535,3,6.213970813243908,80.36213268204256,47,2
20231118,21,0.6,58.9,9.443393622340649,4.516351088792328,2,4.486885056203455,67.31986095299885,54,3
20231119,40,5.9,68.3,8.22483592460012,2.719318953229563,2,2.12130973679836,61.467393955602816,51,3
20231120,30,6.2,58.4,9.288841894195471,3.05768021133818,1,5.228372571919471,67.71033869577431,53,3
20231121,33,7.4,59.6,9.095187359327982,5.585488036396197,2,4.309474250026927,78.69492334930786,55,4
20231122,41,9.5,68.1,9.904105199052188,8.705923446653753,3,4.166622675081933,89.07928463988581,48,2
20231123,93,9.9,71.1,9.28926513352943,4.352108848624593,2,4.8264075276074765,65.12063477372547,34,1
20231124,16,-1.5,51.8,10.0,5.649229834202486,4,3.281028045933432,78.54735092817705,54,3
20231125,18,-1.3,42.8,9.587364530751016,4.109135255888047,1,4.57155586349885,62.98664149257119,57,4
20231126,24,4.0,43.6,8.991788920270976,2.2597598507458008,1,2.087702261588539,74.97743362371482,68,5
20231127,42,6.2,82.9,7.703512956683405,0.0,0,2.752732669412313,71.40147664377233,46,2
20231128,31,1.3,58.0,8.373254400198933,5.278159660274757,3,3.6132026538910966,64.54521737382794,49,2
20231129,17,-1.4,59.0,9.679406506795855,5.811468659490322,3,4.076956256349996,78.81921303271055,55,4
20231130,18,-4.3,48.5,9.25942230003981,7.165311260960694,3,5.050605692600703,68.53808478945521,49,2
20231201,22,-3.2,55.3,8.753015984994983,6.770754099862445,0,3.988944115260177,82.25753277379125,66,5
20231202,35,2.0,60.8,9.666389205548615,7.017456313291337,4,4.447102840427102,69.3486002096176,40,1
20231203,38,0.8,56.3,9.611106674814572,2.005273343250843,3,4.643943663651406,64.76043454726303,44,1
20231204,43,2.7,59.5,7.830458351815693,3.242309612326106,4,1.805087813105308,54.813933568264176,45,2
20231205,43,6.8,55.4,8.982747780124532,4.167160742175953,2,3.962721492556024,70.71557286712493,52,3
20231206,67,6.1,76.1,9.984238490282182,5.458887313901762,3,4.987952231871061,77.42640884278057,37,1
20231207,62,6.6,64.0,9.363522496079227,4.3355687725774485,1,6.255137745721896,66.15943446837878,39,1
20231208,80,11.2,73.4,8.918996878636293,3.035962650748128,3,2.989097530864847,67.86062101958329,39,1
20231209,72,13.7,82.9,10.0,5.8919588006057975,4,3.4731339240312025,74.31280298369643,37,1
20231210,78,11.4,67.9,8.702722315529655,4.790968915340271,3,4.756258980539796,66.04326209558307,32,1
20231211,4,8.9,82.9,8.44454090999797,4.898025043403432,4,3.2248847216214283,74.03922494082836,50,2
20231212,7,5.4,75.6,7.532543215751074,5.160602155798844,1,3.884222493491973,56.4582952230808,53,3
20231213,12,6.8,74.1,10.0,5.732460090457424,2,3.056326403974444,71.59946315920938,58,4
20231214,8,7.6,85.8,8.944137787921855,7.130568682099469,3,4.39322209270987,73.74679167389681,50,2
20231215,6,4.9,95.4,8.34306322091106,2.42683610917204,2,2.5670033797204352,59.80036938551339,56,4
20231216,19,-4.1,68.9,9.48440387789354,1.6161071377340797,3,4.476822573291649,62.73972143746831,42,1
20231217,13,-9.8,48.9,9.632034226372667,3.4862120146251403,4,3.568575289492106,74.50590177638726,52,3
20231218,13,-7.7,45.1,7.868490427794758,5.41090157147392,0,2.4743655085442176,68.75479696426964,68,5
20231219,24,-3.7,63.1,8.079229452627935,3.1815489322175323,0,4.668636404255601,67.45051088152822,54,3
20231220,41,-7.4,64.1,9.312654818494392,6.680281642534123,3,3.699306811326767,72.45336817280128,46,2
20231221,20,-11.7,57.4,8.518718016226693,5.168853150980718,0,3.648306000638721,66.35712510555905,64,5
20231222,21,-11.6,51.8,9.532903127230067,0.580283116031314,2,3.206828631072768,81.84703042961071,53,3
20231223,32,-6.8,53.4,8.720981298389892,3.9552681689307727,3,2.3015279347043887,65.25875554522217,54,3
20231224,37,-2.2,73.4,8.447413063960566,5.2303084499946335,1,4.866683822846961,70.71607765058545,49,2
20231225,43,-0.7,80.8,8.859567515006885,3.8120945931831662,0,4.490508450442838,71.39093103628949,54,3
20231226,51,1.9,72.9,9.123017076210106,1.62975782007825,4,3.010152001073575,61.02218817885501,36,1
20231227,83,1.5,76.6,9.26695271607781,6.9864770415887065,4,4.171541775157063,74.2806304325472,32,1
20231228,54,1.2,69.5,9.826569256928757,4.682649868079777,2,3.4118998844066803,71.9816610339353,48,2
20231229,45,1.3,71.0,8.54713015859539,2.9753217322091814,0,4.2470782264207925,64.89997683469491,52,3
20231230,39,0.6,92.0,9.060085666326769,5.0972224788468,4,2.7236092270745544,52.242871549122256,41,1
20231231,22,2.1,95.5,8.268226080402192,3.24769015409758,1,4.560457857229477,67.65836310266738,52,3
20240101,22,3.3,83.4,10.0,5.137691630515853,2,6.61029038463931,73.39269435989834,43,1
20240102,42,2.9,72.6,8.944581652281403,6.443964856887799,0,4.872121326701364,70.2097679971704,53,3
20240103,42,1.8,80.4,9.459188377245788,6.785853947658259,2,5.0800378466322,71.22179454205913,44,1
20240104,56,1.4,74.3,7.689290216895385,5.895447844514755,0,4.056508900394354,59.30639744131578,47,2
20240105,89,5.0,77.1,8.021705377603096,2.812458146506363,2,1.9962202616166955,59.48735597625961,41,1
20240106,25,0.7,63.9,8.569707825142993,2.870122625840975,0,3.9393996861894407,72.84907858930207,59,4
20240107,24,-4.4,57.4,8.773873140014139,5.385535513948087,1,3.2959393727910884,74.54745842268244,63,5
20240108,23,-4.7,57.8,9.393008301993673,2.833638705482925,3,4.909852697731206,66.29609304484825,47,2
20240109,30,-0.6,84.0,8.44901218432796,5.481224453924243,0,2.7293012541434845,62.9849073193319,60,5
20240110,70,-1.0,85.9,8.361482848483028,0.6067362671662941,2,5.523285401540205,50.7868797969656,22,1
20240111,68,1.7,80.6,8.675393361414676,5.54711580066634,1,4.627060410176595,61.07366453104221,42,1
20240112,59,0.9,61.6,9.083393786193724,5.300202422447482,1,4.320498081123543,72.749432983536,48,2
20240113,24,0.4,44.3,8.674373803070408,5.901570430220482,3,4.889481645797462,55.58486993532284,44,1
20240114,34,-0.6,74.5,7.918867599578457,2.783604231330552,0,5.454444243220423,61.17616495009645,48,2
20240115,22,-3.7,51.3,9.321430140936704,5.364465987918275,1,5.966882624389552,67.42026524891428,52,3
20240116,31,-2.1,49.8,10.0,2.908422675908161,4,3.8747102360553294,82.0741315354045,50,2
20240117,36,0.6,78.5,9.397313365866474,5.772268828099157,1,3.355759274812064,76.72648070991977,57,4
20240118,27,4.5,81.5,9.719142009788897,5.655521417995524,1,4.858172230934408,77.6429656942645,54,3
20240119,13,5.4,65.4,8.116756603459876,3.7223893334301175,1,4.193783903339583,74.98171767059281,56,4
20240120,4,3.4,69.5,10.0,5.000867081832921,1,5.485200108404794,77.20775578995269,56,4
20240121,9,1.7,75.8,9.206890732628588,5.161356638699993,3,3.0855921883365376,63.57781685483129,52,3
20240122,34,-8.7,65.6,9.75976369942808,7.235948929183316,0,4.232389586101678,78.54025509875017,59,4
20240123,23,-11.7,53.6,8.23682042867942,4.098601312275076,0,4.305601427745836,64.31178929767957,60,5
20240124,23,-8.0,52.0,9.598888545816608,5.295468591224006,4,2.967673510718493,61.81082186657558,49,2
20240125,23,-5.3,47.8,9.871232770801411,6.227021670182065,0,5.1698904355415625,79.02211098964491,62,5
20240126,33,-1.7,62.5,8.8935776951307,5.01793209683614,0,3.143049773253485,79.39216361407239,63,5
20240127,50,-0.5,70.0,9.03439236377472,2.395498481353565,3,4.158789033444063,65.46999452878492,41,1
20240128,31,-1.5,62.3,8.82725881220289,4.882147029026105,2,3.6400808318629294,65.10964166602915,50,2
20240129,44,-0.4,66.6,9.013875862013254,4.813795556555139,0,3.859424592518975,64.38400508674914,55,4
20240130,59,1.4,59.3,8.506052955532164,2.5806430918900203,4,5.685800690104559,48.72443416015901,28,1
20240131,57,4.7,54.1,9.564382505265916,4.323765542947893,0,4.2213629487302295,58.42154809444243,53,3
20240201,86,2.4,64.9,9.623020098246757,2.5805840335467845,4,5.853411595904753,61.4299307526214,22,1
20240202,38,3.1,65.5,10.0,6.777214312634873,3,3.879147707985227,75.75507608131696,47,2
20240203,33,4.7,63.9,9.602793370544394,7.345469891957297,3,4.20392507759617,77.29459946327715,47,2
20240204,23,7.3,60.9,9.999575500406316,5.986320607699613,4,7.279442729009174,80.66589237771647,35,1
20240205,6,2.7,81.8,9.069655816243118,5.970809015952749,1,3.696612344998493,74.99810490271328,61,5
20240206,13,1.2,83.5,8.590246322741153,5.149241903486557,4,4.56114595253446,69.22105390770047,43,1
20240207,33,0.6,76.6,8.588457424726245,4.331356259061676,0,2.8178494650521344,64.42417476284069,60,5
20240208,39,0.6,66.9,8.314365422073209,3.800305543969865,1,2.896692400024326,65.08326720640301,54,3
20240211,67,1.0,70.6,9.03767113506364,5.521224045214954,1,3.302209641348465,59.798577186373606,47,2
20240212,67,3.5,62.8,8.800528177386711,4.0790740528268215,0,4.2415832980426975,68.53515303840346,49,2
20240213,69,8.2,70.6,8.233179991437243,2.6712391922638243,0,5.188443982862766,56.22299953729642,41,1
20240214,53,12.9,76.4,8.304029059873669,3.823107566043643,4,5.434346844864958,51.20677709799483,26,1
20240215,22,4.5,89.9,8.706744075600009,3.794468068948391,0,3.6839592144600224,66.33021176897148,59,4
20240216,23,2.3,72.4,9.363585234579713,3.124554952787082,3,3.5205717439602697,59.58478525020553,47,2
20240217,42,4.4,73.5,10.0,4.219546859314419,4,4.3381893091794765,68.54771046353052,38,1
20240218,39,6.2,81.4,9.015498592505542,2.4056892300535937,2,4.015436117167133,59.323947947960335,46,2
20240219,12,9.1,95.8,8.667475047147853,5.398607060088571,0,4.589292725416795,76.370373290532,61,5
20240220,29,4.3,86.3,10.0,5.284583335787621,0,5.686284249054118,65.60553273026926,51,3
20240221,3,1.9,92.5,9.063529476755775,4.652043526856049,4,3.3639690244347955,66.95673517498169,49,2
20240222,4,0.2,84.5,8.758913460534806,5.1395933223678645,0,4.048259711688804,71.06345079612358,63,5
20240223,8,1.8,68.8,10.0,6.429774901375558,2,4.5960977903731,80.39755261429522,55,4
20240224,13,2.0,68.6,9.080543155038376,4.413193679723725,0,3.0060983167434587,78.03316696615988,67,5
20240225,10,2.8,80.8,10.0,5.297216114730407,2,5.076802455295715,77.75579144406383,52,3
20240226,30,3.8,65.3,9.35767095807646,0.0,4,4.509820458945196,40.87491649665077,21,1
20240227,16,5.3,52.0,8.59354709446607,5.432340395727873,2,4.517133836060185,65.4098351684885,53,3
20240228,31,6.4,59.5,9.385597811348298,8.178953824919041,2,3.6437448083679103,80.74680103247788,58,4
20240229,54,4.8,63.6,8.848891313843405,2.8695657155553898,1,4.352374248464882,66.30576833678076,47,2
20240301,36,-4.1,38.9,9.41196914801934,3.2949805588276124,1,3.9581776012803673,71.07192950293587,54,3
20240302,33,-0.5,60.4,9.96258981216564,4.849059478685434,4,4.100166669988969,67.511397209368,41,1
20240303,112,4.0,71.5,8.309380972287734,3.7001093590218392,0,5.416800531763004,66.41772935499407,34,1
20240304,69,5.4,45.5,9.465740936204543,4.906677778473688,3,2.63767911575776,75.2132438630399,49,2
20240305,41,8.0,45.1,8.997067619465234,5.1755597320943325,4,2.679014514628915,67.70055049481189,48,2
20240306,12,6.2,58.8,10.0,7.529417805608945,0,5.552533936075534,81.88845843947071,63,5
20240307,28,3.9,62.4,9.287912052127623,4.749649034917435,1,4.922211418953607,77.39878096540976,53,3
20240308,41,2.1,50.6,9.312976812072948,3.8814885787630464,2,3.4349966763460023,71.10351032297858,54,3
20240309,32,2.0,50.8,9.901931927211503,3.975296190208108,3,4.810045217526763,75.51198964725833,48,2
20240310,30,4.2,54.0,8.073462334723608,3.792834407473718,0,5.567083993198417,58.459772940963205,52,3
20240311,34,6.2,62.3,8.757444450469599,4.124440253677912,1,4.202092468616019,72.55429402057864,53,3
20240312,28,6.6,78.0,9.905049484622948,5.167239847764204,3,4.50683641781365,61.944477938414096,43,1
20240313,44,6.5,57.6,8.816592215150088,4.612174417066248,3,1.9762071081587065,75.4500696422405,56,4
20240314,59,8.5,58.3,9.809564034414295,3.73314258842984,4,4.375798798440464,68.00131610876917,39,1
20240315,50,8.9,68.5,10.0,3.618793733947879,4,5.177154006936003,75.4985852842236,35,1
20240316,51,10.9,54.5,9.92393730835563,5.721038541484208,4,5.091228217105561,70.52982787282883,38,1
20240317,96,8.8,48.0,8.388295917813839,5.411223553848625,1,3.627879493031786,71.32568075937102,45,2
20240318,18,7.1,28.6,10.0,4.812448552080721,1,3.8863216997513055,69.99310732277117,57,4
20240319,49,6.7,60.8,9.555510380424812,5.183066751826779,3,4.3296890675862905,75.43012670892104,43,1
20240320,39,4.4,46.5,9.93161951381577,3.870561711246403,1,5.573317747852691,71.19452169983407,51,3
20240321,33,5.0,46.5,9.799982570379164,5.358352201791599,2,3.023786048321327,76.86215750940013,59,4
20240322,41,10.4,57.0,7.5023986151463635,4.249527238416727,0,2.9922666496517376,58.28000947940346,58,4
20240323,59,13.0,66.0,9.775781132117396,9.046207690232084,3,5.477836947929493,88.06380022181624,40,1
20240324,29,16.2,42.5,8.731898875921397,5.4724230071483095,0,3.8245348457444512,74.77040005634214,64,5
20240325,16,10.6,63.0,8.505815651469918,2.2097431320656686,0,2.658255575320349,65.88978928222153,64,5
20240326,5,7.4,77.3,9.566844006979093,5.8728387132306406,3,4.127747939870645,70.80681481360867,51,3
20240327,23,10.4,68.4,9.662561836353504,7.152210492718562,2,4.0325106200903615,84.3812983326887,55,4
20240328,24,10.3,81.8,10.0,5.536165862489527,4,5.287213573117051,77.78595588103634,41,1
20240329,239,7.6,73.0,8.572961198990633,2.223206309242373,1,4.986716226423698,70.52702395925026,16,1
20240330,89,8.8,56.5,8.66747908680818,4.070100643596782,1,5.683574563688703,65.30505414057347,39,1
20240331,38,10.6,39.9,8.909201689452102,6.4778766247503885,1,4.147798429348277,76.43543143444344,54,3
20240401,38,12.2,32.0,8.41900725989461,4.649461539036684,0,4.53472699105208,67.79730208763898,53,3
20240402,48,15.4,37.5,8.88806418205051,7.512618381504307,0,3.787066955562093,75.64641976891835,57,4
20240403,40,16.6,55.9,8.035906933516117,4.281966054882772,0,3.1434858208101737,76.0713800913309,63,5
20240404,29,15.5,52.1,9.758140462928438,4.847249298867054,4,5.289626741809079,73.5983808383754,43,1
20240405,39,14.0,51.3,7.717884666170833,0.9855383792040096,1,5.761262569445091,55.03898845788687,37,1
20240406,66,12.7,48.6,9.332747023840936,5.377338527497136,3,4.7937852162414725,78.50447107052875,42,1
20240407,54,14.8,33.4,9.670255358345472,6.173568200639618,3,4.277404963543027,72.67970415881585,41,1
20240408,51,16.2,46.5,10.0,4.711726143696978,4,4.142947211466838,60.97241200632284,39,1
20240409,37,15.3,32.4,8.574184690459989,4.107629613426807,2,2.861852253996113,59.73395381923316,50,2
20240410,40,13.8,62.6,10.0,8.566262081334363,0,3.231651494266081,82.78374105946337,62,5
20240411,47,15.5,61.0,8.426594080347682,1.5873097439359798,2,2.9385412787345806,57.59347648224922,43,1
20240412,48,17.2,59.6,8.300509345939494,3.4463132605796005,0,2.467416235855712,70.3440577504567,63,5
20240413,37,19.1,52.4,8.542829699117148,6.129843817753795,3,2.6696336962134457,75.27057768661831,58,4
20240414,41,20.8,47.1,8.832529280058358,4.289979156770519,2,2.586896113641716,75.51475387117269,62,5
20240415,20,16.0,77.4,9.137129928830598,6.2733023151193255,0,5.602750825368387,79.98466423867153,57,4
20240416,71,13.3,82.6,9.33238204952347,2.484836324402086,4,6.200775693808561,73.40695542504274,27,1
20240417,139,15.0,65.3,8.857906948102116,3.746863235474536,1,2.857639791033912,68.6865108734677,36,1
20240418,116,17.3,53.3,7.957791327924591,3.4764926496502886,0,3.432801976106993,78.75392254712139,47,2
20240419,91,17.6,51.8,9.508334561606224,3.854413525175513,4,4.977209075072105,65.93335306579313,30,1
20240420,64,14.9,77.3,7.018120466404667,1.6111597709192873,1,2.8154709960417987,47.74552260027242,39,1
20240421,13,17.2,65.5,9.119331006962936,6.8241984873025965,0,3.948126658224671,82.87172540797484,65,5
20240422,29,18.8,49.4,9.269301742027276,5.969214658905419,4,4.481333446683498,77.27079344007335,51,3
20240423,19,17.3,55.0,7.612325543542255,2.9966169415278925,0,3.416010232340729,64.56877011728456,62,5
20240424,10,13.2,80.1,9.623733059159854,4.688025926462054,4,3.2910826652698484,76.96382573688507,51,3
20240425,28,14.4,75.6,10.0,3.018948023627825,1,5.380169379367407,71.32460454086996,50,2
20240426,64,17.8,61.1,7.631759352100333,3.965960653356771,0,4.1676668989407535,62.463506480853816,46,2
20240427,45,18.2,56.4,9.081821601187206,7.130316935299999,2,5.004540288741011,77.02999213071627,53,3
20240428,35,20.7,53.5,8.784763869317864,6.023349004804085,1,3.3441892869676177,85.01655618871374,67,5
20240429,41,20.9,48.0,9.75619246675967,4.948506944832872,2,4.9652199451941526,74.22429214771536,54,3
20240430,58,18.6,62.5,8.983580446766538,3.3036043784408085,0,3.97146451094581,74.78846219710384,58,4
20240501,24,18.5,46.0,9.554374989299784,7.154058861087414,3,5.468879910630181,80.36539598275007,53,3
20240502,34,18.1,48.4,10.0,3.821251943961708,3,3.9986744660730418,78.32337276387543,56,4
20240503,45,19.7,46.9,7.736987376876133,1.2967140282045433,2,5.177859624754616,63.73229829880152,42,1
20240504,55,21.4,44.8,8.495467055488335,2.637969329190164,0,4.242283824660888,80.00747343932521,62,5
20240505,25,17.8,87.4,8.50720412312325,3.913188322106921,0,4.277166882522955,55.7282655399342,54,3
20240506,9,13.9,92.9,8.691489208546994,2.0721796280288647,2,4.970946667280375,57.26155441457499,46,2
20240507,21,13.3,77.3,9.1443088522339,1.2894381975369391,2,4.1538963104071005,71.07561949825164,47,2
20240508,20,14.7,58.8,8.999915701099695,3.1437652799370075,2,1.5288634247827932,54.51020920267088,61,5
20240509,30,16.1,63.6,8.512318949407085,5.982088480020523,2,2.864178423544913,73.70002346160786,54,3
20240510,30,17.9,55.6,9.688024438658486,4.432568887604192,2,5.830405041742193,65.94118403839511,47,2
20240511,18,17.0,80.0,8.621085905388561,3.770555482221914,1,3.305281436118789,59.69949516957694,56,4
20240512,68,16.6,65.0,8.675339963500758,5.052352333524043,3,5.100539700182309,66.66397085448702,33,1
20240513,28,18.3,51.9,8.52835992234192,3.068638693929953,0,2.091399781203456,72.02149347179106,73,5
20240514,27,18.8,43.3,9.567298349764693,5.573933085518511,0,5.800095895696442,94.79159175184388,67,5
20240515,21,12.6,74.3,9.620077626946856,5.315205882713912,4,3.2975319199667057,70.86177953727972,47,2
20240516,15,13.7,61.3,9.42838284467308,5.253052557096327,3,6.325762018509685,78.45103055100965,43,1
20240517,44,18.3,63.6,8.710923107059196,5.571615129252963,4,3.809535726330349,71.1727884658372,44,1
20240518,26,20.7,65.3,9.145320712171134,4.156780877700564,4,4.459201467194024,67.55673730673166,45,2
20240519,23,21.5,63.1,8.397348632586825,6.244361993667258,4,3.599582516883367,74.54552245784413,49,2
20240520,29,19.4,75.0,9.606928950324226,2.879591228065084,1,4.430730278186199,80.60405098202716,60,5
20240521,43,21.7,68.1,8.73241330086624,6.004408566198461,0,2.542993342212239,65.02181769130014,63,5
20240522,61,20.5,68.9,9.59767412612506,5.516003207577727,3,4.463508273464714,76.19216079972927,44,1
20240523,32,20.2,67.9,8.307953812045554,0.1297546047918931,0,5.252399885235253,61.07343399149913,42,1
20240524,34,20.1,75.1,9.030011569903085,6.670363498408702,4,4.156302208190799,74.43374959977525,46,2
20240525,31,21.4,62.8,8.604900901171561,7.115111139746324,1,3.32706291626091,77.59192255169872,62,5
20240526,25,19.9,74.3,9.527127002077052,5.671668492365219,2,5.896377898775024,78.6599628544927,51,3
20240527,25,18.5,63.4,8.985011370250277,4.226048937480532,1,5.186991079132801,68.63125907319808,55,4
20240528,15,20.4,54.8,9.942291484401023,5.255803964642246,4,4.617588208048017,77.17766383638218,53,3
20240529,24,21.2,51.6,7.926559188819785,8.403428125364606,0,3.5124655127874984,81.98121374576431,70,5
20240530,25,20.7,49.1,9.5308587668045,8.410262355164377,1,3.073101531414549,89.21776503841052,71,5
20240531,23,20.4,60.0,8.977781106022833,4.457459564684577,1,3.748762891422962,81.63587277799299,67,5
20240601,27,20.7,61.3,9.304224071745834,6.094081939724554,1,3.0685574649358403,81.8032764308729,65,5
20240602,20,20.4,51.9,8.410425215255213,3.3574024141319043,3,3.654043804609527,56.93129995462456,53,3
20240603,13,22.2,47.4,6.722230062741884,4.178316140341183,0,3.810714042702432,53.65348601906378,61,5
20240604,16,22.8,42.1,8.02282287231552,5.439490140351945,2,3.245339235056069,77.60663635855278,64,5
20240605,37,23.6,53.9,10.0,8.467344316547592,2,4.293163076854018,81.74669139635559,59,4
20240606,41,24.1,54.3,9.1801576871214,5.539482681662877,3,3.695538601200131,71.03783695548601,49,2
20240607,29,23.1,54.3,9.40773121209643,8.459364433246177,2,3.8617726007129902,91.33049957123306,64,5
20240608,23,20.3,79.5,8.68678017267055,3.5343860055195915,2,5.007949622891087,70.11336288013747,51,3
20240609,29,22.9,68.9,8.222731117046955,2.6512925482525502,3,4.07263899449129,54.40214255871299,45,2
20240610,46,24.7,66.3,9.681372385402602,6.43954813973141,4,4.197903067448232,62.06110478750237,36,1
20240611,64,25.4,62.4,8.741261213428034,7.957497659248622,3,3.9540812762570576,70.70629597697092,39,1
20240612,30,24.8,60.8,9.695371297424584,5.6238269151110645,4,4.47195754335872,77.12971483799029,42,1
20240613,30,26.4,51.4,7.7996080421129825,6.154419723737904,0,3.190892883119406,71.58020992025018,63,5
20240614,34,26.3,56.0,8.716858069066767,4.676554622030857,3,3.4134260617663785,62.966227374735496,49,2
20240615,26,24.2,72.3,7.993313798835542,5.2039461863033045,1,2.946035169625052,72.14474554618056,57,4
20240616,20,24.3,58.4,9.21107565570301,3.7781696283965447,0,3.4116770191863286,76.64379265440893,68,5
20240617,20,24.8,48.4,8.722241829857085,1.4497773258133302,2,4.441691375837058,78.04103802459716,52,3
20240618,26,26.0,59.5,9.701504049750046,5.605975651181621,2,4.084736974166049,65.47204787097499,54,3
20240619,37,28.8,54.3,9.629915450649795,3.53529415050088,1,4.26701397145663,72.42214570283373,57,4
20240620,40,29.4,45.1,7.94374510630518,0.3074019026040151,1,2.7664792559456544,59.40221651471276,45,2
20240621,34,28.1,49.8,9.783623637433536,6.638982800978602,4,5.101798188988225,64.004485733334,40,1
20240622,28,24.2,80.6,10.0,5.133540828289408,3,4.644548775677938,69.30975655864407,44,1
20240623,13,25.1,79.5,7.957705276505151,5.884303151110085,2,3.092135072787157,61.99128189429062,53,3
20240624,54,24.3,70.4,9.000934490601336,5.944442252873149,0,3.858647309270612,73.98299384796105,55,4
20240625,19,22.9,61.9,8.529657773864612,1.931865461059932,4,3.738504028818911,66.95025712131124,46,2
20240626,24,24.9,61.0,8.36375162758333,3.5836591480562072,3,2.438856006477099,64.32793911010596,50,2
20240627,27,26.3,55.0,8.868675437678977,3.5782218634933427,0,3.376429979953652,76.84824169836904,67,5
20240628,37,26.6,54.6,8.868953399517622,4.928975548799477,4,3.6438828844997513,62.5908279919694,44,1
20240629,29,26.7,65.1,8.648801633258413,2.819463804718832,1,3.4203693285193704,72.25829679608401,56,4
20240630,18,23.5,88.5,9.110327707867702,4.29211487233617,1,4.109918995406187,71.99667599746829,61,5
20240701,24,26.3,69.1,9.394472935195456,4.731684900045285,2,2.789924957855372,61.35135755136271,54,3
20240702,16,23.2,90.0,10.0,4.402202054171059,4,5.271987240406843,69.69213081263565,44,1
20240703,25,24.7,80.3,8.50043648636509,0.8939752848046223,0,2.463146819071992,59.40496997035583,54,3
20240704,40,26.8,74.8,8.277485318026415,2.3349320090787344,1,2.740850919519458,60.0541715453804,53,3
20240705,18,23.4,80.5,9.39687717575723,5.198621578881678,2,4.5043287031697465,83.79582887817843,58,4
20240706,28,25.1,84.1,10.0,6.422068028869638,4,4.057253680966446,68.76581109904012,42,1
20240707,21,24.4,85.1,9.840018380119137,5.452158213837003,3,5.446735779452461,74.0365144283759,44,1
20240708,10,23.8,93.4,8.761908943934172,4.237690780365123,0,4.375027558818086,71.18945933895505,65,5
20240709,13,24.5,86.9,8.985529167909046,9.318837905053387,4,4.607292199810464,77.63159636617512,45,2
20240710,11,26.6,77.1,10.0,4.759482559095835,4,4.629410096102244,82.26452325774767,47,2
20240711,35,25.7,79.6,9.608894282505842,0.847780848557607,0,5.253126305518585,72.01010888210925,46,2
20240712,36,25.6,79.5,9.149510117895025,3.2675060986549744,4,2.9027339277796687,67.92183125489512,45,2
20240713,47,28.1,70.0,10.0,1.7509659006118476,4,5.22426043685284,69.2947680995177,32,1
20240714,30,28.4,65.9,7.557334480469771,5.456903866887769,3,2.607263967627282,67.37562834485404,48,2
20240715,9,28.4,64.6,9.750824518406407,4.540250411777177,2,4.068721471415994,75.11136434618977,56,4
20240716,12,27.0,78.4,9.318657576170809,6.707038148255833,1,3.5570567294301,75.22874593509526,61,5
20240717,9,25.4,91.6,7.920152695681542,5.254979272864315,3,2.526086468213074,69.73271751248912,53,3
20240718,8,24.3,95.3,9.470731575804365,2.871315958541186,2,6.481725523973863,80.34738272879277,48,2
20240719,24,27.0,80.1,9.35664466028342,4.979205064506845,4,3.407102205132637,73.46472123083944,47,2
20240720,15,27.2,80.4,9.253747465630171,2.091469204032747,4,3.991997193718874,69.44814436888473,44,1
20240721,18,26.5,83.6,9.28133352086398,6.212663125324648,3,2.480139393605367,70.47294303842484,54,3
20240722,13,26.6,89.0,8.439358335967865,2.9786402631440705,3,2.603893423147188,72.10526390620306,54,3
20240723,11,26.4,87.9,8.980976002458023,3.772184677192729,0,4.733421177911753,70.19061332863996,59,4
20240724,14,28.1,85.0,7.538041871283394,2.101309625155943,0,3.571304801653563,57.21971607238409,56,4
20240725,20,28.8,79.8,10.0,3.869056017767907,4,4.518783950446887,62.80887690096924,41,1
20240726,14,28.7,81.9,8.668365379511092,3.8359126805475614,1,2.971763116366452,55.28232343042079,57,4
20240727,15,28.9,83.6,9.333838215352523,3.885601727085741,0,6.014025058693775,78.48357705103479,56,4
20240728,16,29.2,76.0,8.954153892892723,1.000865210146196,2,3.5054050465877173,64.86440224725962,47,2
20240729,22,27.4,84.0,9.11960663269514,3.669751301666064,4,4.243684812232931,71.35020152354197,43,1
20240730,24,28.6,78.8,9.1234794809088,2.3710593181198827,4,5.161429542786296,76.81185709245361,41,1
20240731,16,29.4,74.5,8.479810612383226,3.142195111299053,1,4.17996922761464,66.99426125320332,55,4
20240801,18,29.9,75.5,8.61005331725803,4.579680122227613,0,4.005919354564192,61.76453750793408,58,4
20240802,26,29.6,79.4,9.215201633308077,2.39513536767232,3,5.047047858983561,61.78186300088281,41,1
20240803,34,30.2,75.0,9.613353239667669,6.932930926511363,2,3.756085968891668,69.64605587729369,50,2
20240804,29,31.8,69.3,8.865894430447948,3.673077690182412,1,3.348330636228764,66.70821906170791,56,4
20240805,28,30.0,75.5,8.63986807510717,3.601199831892115,3,3.352278485655968,62.75095177734032,46,2
20240806,14,29.5,74.8,10.0,7.386765151579162,1,4.708112433482423,75.57952632728373,56,4
20240807,17,29.6,72.0,8.124723858145193,3.4095093803889656,1,2.9008565915276128,59.31595266757032,56,4
20240808,19,28.5,77.5,9.02309658434349,2.686296963743234,0,3.9492784749505567,64.62240097381523,59,4
20240809,26,29.3,74.1,8.258479443846852,4.729948470821391,2,3.6568393540323183,76.83544874320071,52,3
20240810,31,30.0,70.8,9.291476541025128,2.4488972470269617,3,4.413890810676699,61.08309760492435,42,1
20240811,27,30.8,67.8,8.066624363391846,4.776451101488965,3,4.910195819926303,57.95529586776043,39,1
20240812,27,31.1,70.5,8.85068909211065,6.381170338295997,3,5.327684779796287,72.35357943219343,42,1
20240813,22,31.3,70.0,8.877824130227053,4.612242647958776,2,2.4417525363729915,69.16456844795582,57,4
20240814,24,30.0,73.0,8.72811583040422,4.09516849070129,1,3.779216146638809,66.05166126903684,55,4
20240815,21,29.2,74.6,9.185271206267307,5.339659013470037,3,4.054908401238223,69.54759360204294,48,2
20240816,19,29.8,69.4,8.345091678650943,5.4205526367238175,0,2.15324692757563,71.72055636164625,66,5
20240817,20,29.8,71.0,8.62427995760499,1.4876508897664888,3,2.130556404719087,64.11397192208543,49,2
20240818,17,29.5,73.8,10.0,5.708894743570084,4,3.6211298329986,79.75384662712706,49,2
20240819,23,29.7,72.3,9.278325650150116,5.860541620807355,1,1.988499662027236,80.43265388627879,66,5
20240820,23,31.4,68.3,10.0,6.005361220686264,3,4.7709834433093965,72.17392909915553,45,2
20240821,12,28.4,85.9,9.02202385977725,4.707281832549422,4,4.854931476544759,70.9220619142047,43,1
20240822,16,28.6,79.9,9.389141038733044,4.98137933958891,4,4.183928131450203,80.46666653821785,47,2
20240823,27,28.4,73.5,9.511555988944968,4.642825461552627,2,3.5124803253093515,65.19433330933178,51,3
20240824,38,27.6,78.8,7.814051498522999,4.620300219144899,1,2.107881205273549,62.92260852398037,55,4
20240825,37,28.5,76.6,8.86520631338983,4.941397885926278,2,3.5013799595876365,74.2486591194234,51,3
20240826,35,28.1,77.8,9.407145613710414,4.307814673178767,1,3.4459403209297967,75.97386750719224,57,4
20240827,20,26.5,69.8,9.547323693394643,2.9576580856428496,0,4.701189995938718,79.9746591457234,60,5
20240828,12,28.2,62.1,9.64287593633802,4.4024741086044985,3,4.167692268837497,72.10493958534371,50,2
20240829,9,28.4,61.0,9.156430563538551,3.850030081860906,4,4.872797925317971,62.11296237950364,41,1
20240830,13,28.0,64.0,9.446246433825213,5.894522530013565,0,2.1901675144875234,88.02510022598811,73,5
20240831,33,27.6,65.6,9.60661039036387,6.927684409113258,4,4.803003272167745,76.28121406880844,40,1
20240901,30,27.1,64.9,8.919716755976163,2.971580430389236,1,4.328115369988814,59.744344401162095,50,2
20240902,19,24.5,73.6,8.516041236997067,3.449458654417217,2,5.062475528897501,53.32227616258469,43,1
20240903,10,27.0,54.5,9.048417173687918,2.314358320583409,3,3.381614561446157,65.99314329834999,56,4
20240904,19,27.9,61.4,9.099479718970528,6.43513369544887,0,3.4685904478303646,76.59873255092218,64,5
20240905,23,26.3,79.1,9.283700120950543,4.6900558491112,4,2.9284770932549,68.54381607190427,47,2
20240906,14,24.0,79.3,9.659209257652556,5.512817957601637,4,3.261882685227669,57.73544183859728,49,2
20240907,21,26.5,68.9,9.190192559594676,3.708303204628699,4,0.9971821182324464,69.14139699724197,55,4
20240908,28,27.2,69.6,8.0286088494543,6.299063510151288,3,2.981451485452692,74.16546723683618,49,2
20240909,26,28.5,69.0,8.284428962373786,3.7172361280698025,3,2.88742847455428,70.2495245243071,50,2
20240910,29,29.4,67.3,8.105603274747173,3.9905244947555314,2,2.3718213586147803,73.32009223006834,55,4
20240911,31,29.0,71.5,8.476164192828781,4.559509741847166,0,5.7140040446256,64.33201548965506,49,2
20240912,9,25.4,91.5,7.903566211181007,4.785643527070451,1,2.8182451567830147,53.16592372621127,56,4
20240913,12,25.9,91.4,8.188924623146674,3.4157183293403377,3,2.3018032289834207,58.840504045829306,51,3
20240914,12,28.0,80.3,7.742092532785128,5.041019332640902,0,4.137670992570874,62.09195998079176,57,4
20240915,12,27.5,73.6,8.25578370156455,6.141076267877147,2,3.0249305124882966,68.0949186710027,55,4
20240916,6,26.8,74.0,8.8385451266911,3.6875127251566897,2,4.194483187281619,67.75203778609847,53,3
20240917,12,28.6,77.0,8.854509545734842,5.038847117988252,0,4.559153293898416,69.94134315676433,60,5
20240918,17,29.4,76.8,9.256501753875009,4.141463204264693,3,3.858422664356864,80.93746047672,52,3
20240919,20,29.1,77.4,9.121783535343882,1.5934612235598626,2,4.871828827822689,75.87364353177017,47,2
20240920,13,25.0,89.8,8.908381760025971,3.738577317503797,1,4.262387904468818,68.34131157719727,56,4
20240921,4,19.3,82.3,8.558327867229222,5.044685471865826,2,3.7283038926343126,65.1150783001206,58,4
20240922,3,21.0,67.4,9.315904783668902,5.698049368199519,2,4.330299306847118,81.89066761709864,61,5
20240923,7,20.8,58.3,8.700323303713176,5.344215096276429,0,4.305550765160695,71.03075319138269,69,5
20240924,10,21.0,57.9,9.184934555565803,3.788585042547598,3,3.464857515874254,73.76459068286465,61,5
20240925,16,23.3,65.6,8.988396918818266,4.6170821355396665,4,5.108443489682939,76.60157786954257,47,2
20240926,18,23.6,75.1,9.25263767592462,7.553254689174666,1,2.76764829224224,79.22156386783716,67,5
20240927,15,22.7,72.8,8.506502209179224,4.697670084309038,1,4.165215380249249,73.50352183398671,61,5
20240928,12,23.2,59.3,9.30582344924589,3.549447552060206,4,3.963939565291015,70.49621275230193,54,3
20240929,7,23.5,61.5,7.521877869144867,5.717570621351959,4,2.4775274764707524,65.58682197534552,52,3
20240930,14,23.0,63.0,10.0,4.001555690513648,4,5.275362746752031,72.36668109189098,46,2
20241001,15,18.3,67.5,9.741954016894123,4.016513858356161,2,4.731554127339659,69.24140519461116,54,3
20241002,13,14.9,48.8,10.0,5.8701064544532535,1,4.871402548716878,76.44214692447296,60,5
20241003,15,16.4,59.0,9.003046685168666,5.8320611109529885,1,2.985382487924489,76.34221228732618,67,5
20241004,15,17.6,60.0,9.514594397461924,2.8258253602346253,1,4.738584889748669,90.48131407486837,64,5
20241005,24,17.5,60.4,8.675435903658187,5.683580196161718,1,4.0532996879948575,61.79079776796719,53,3
20241006,21,15.4,73.5,9.78771011598378,2.354524323254473,3,2.971319442486452,73.80974707863214,53,3
20241007,34,16.9,73.9,9.772496635994424,4.361757330642393,3,3.780296784762237,74.09892565442043,47,2
20241008,34,17.7,73.9,8.162249292608207,4.100906437380616,2,3.88531485211347,53.41068275176822,44,1
20241009,12,18.8,64.1,9.147256573457598,2.731617659514305,4,4.024956117394536,68.78276482000703,50,2
20241010,18,18.8,66.3,8.926903383455713,5.410384374739056,1,3.077865624710653,67.49584943724098,63,5
20241011,33,18.6,68.8,9.230584356099763,5.932130983621005,1,5.0713558259720175,72.31917372885681,54,3
20241012,35,18.3,60.6,9.771188245995376,5.030823835648112,3,4.492893800014064,76.45544661435781,49,2
20241013,26,18.3,67.0,9.557536837059136,5.975722189564806,1,4.118416337954413,73.21279716012157,59,4
20241014,19,19.3,70.3,8.447966630143789,5.152200402301103,2,5.550255709485365,64.21849430692576,48,2
20241015,19,19.2,85.0,9.4242004711646,3.847498162250882,0,3.786886022337919,68.42855991027317,65,5
20241016,33,18.2,76.9,9.171912316850142,5.268042140521779,0,4.296735075659813,80.256066826257,63,5
20241017,38,19.0,70.4,8.856161864192073,4.252753043835533,0,4.555393651946676,72.1029482274562,59,4
20241018,21,17.4,86.1,9.25589225446056,5.519964736630229,1,4.867154491167962,69.35756848254668,53,3
20241019,5,16.6,75.0,10.0,5.036537636266754,4,3.9900245282517455,73.29262615185803,48,2
20241020,11,13.4,56.0,10.0,4.92229366433027,1,5.056069585827292,76.73646901232276,60,5
20241021,19,14.8,66.4,8.964306052433804,4.142356856932216,2,3.2373571085778297,76.18274604031568,57,4
20241022,12,15.5,90.8,9.596071483131652,4.462731221300095,4,5.36737427473604,87.42076899205847,45,2
20241023,15,12.7,75.3,8.61000494649993,3.536780984878579,4,3.36243605044106,71.04318570594845,47,2
20241024,26,12.5,71.4,9.58894006843592,4.524106364652878,2,4.226786280653199,68.96046606943989,50,2
20241025,26,14.9,64.1,9.076993220359295,5.653755099273944,0,4.270521112178307,70.44575936671681,58,4
20241026,23,17.0,68.3,8.590724129480595,3.8740518562897375,4,3.289328122546005,74.27391265918227,46,2
20241027,25,16.0,79.4,10.0,6.6287128521027405,3,4.698453713059016,68.200386209606,44,1
20241028,29,15.7,75.9,8.178444786347086,3.2707104885741574,2,3.478207408316304,62.41211046548645,49,2
20241029,13,15.0,64.6,9.792917447446683,4.819013781874501,4,4.346005193466439,77.7877576271287,46,2
20241030,26,15.7,71.3,9.123262201615304,8.060049687967975,0,3.693614868172831,68.1007727425324,60,5
20241031,32,15.9,67.8,8.237056388820292,4.691527937486375,0,2.328462986296758,66.88992356841935,62,5
20241101,36,15.3,70.8,9.186161093698509,5.788245287537647,4,4.647792546698102,65.2806687097277,38,1
20241102,31,18.1,58.9,8.480556295106322,1.7694328176911354,1,4.1813820795928125,65.50840349740263,57,4
20241103,23,17.6,71.1,8.495016720782761,3.838757396874127,1,3.2249986372949624,69.35817425877057,57,4
20241104,25,14.8,62.0,8.84060585085785,4.234218220631221,1,5.116716542331014,73.00261233464937,52,3
20241105,25,9.1,49.8,9.68921412145528,5.959554141420696,2,3.609859904121258,85.60806457509024,61,5
20241106,20,7.5,46.1,8.501639518387998,4.7337722164728495,0,3.1643557961078965,70.7387913615858,66,5
20241107,50,7.8,48.1,7.970176806069328,4.7477650011773616,0,2.634855686744164,67.87253468593083,60,5
20241108,37,10.2,50.8,9.140203068970331,5.033974026139933,3,2.973064334526142,75.67499917561076,54,3
20241109,33,12.9,55.8,8.952115342047405,5.458695076538175,4,4.331238131822392,62.40618963713568,43,1
20241110,25,14.4,64.0,9.010715429063575,3.0198640639249934,4,3.12438055744684,67.08005163828473,46,2
20241111,49,14.6,64.5,8.962505315420731,6.572442831241405,3,3.8106734348859095,64.0396740022703,42,1
20241112,36,14.3,66.8,7.831425944160053,3.641158116185653,0,4.585106584559227,59.57136784210699,50,2
20241113,41,14.2,62.9,9.005533811072985,2.9758643243089686,1,5.258155702603483,72.73692873171285,48,2
20241114,34,14.8,68.4,9.013101695342735,2.747680147021592,0,5.122105317897386,71.00297672503375,54,3
20241115,29,17.0,65.1,8.321533066608351,0.8986070976184961,2,4.589106873384367,62.37559454203158,38,1
20241116,25,17.0,72.5,9.704644783971338,5.94316106734635,2,4.533471067136913,75.93862379198683,51,3
20241117,20,7.0,47.6,8.019356468009898,5.36397411856316,0,3.586290685912517,72.77582477049441,64,5
20241118,15,2.8,30.9,7.8909813228664865,0.0,2,4.242984572715451,68.16576218966104,38,1
20241119,26,5.7,49.5,8.463808547824092,6.626616065050543,0,2.0956805818677173,80.59721240668718,71,5
20241120,41,6.5,65.8,9.793325759654168,5.104460280443647,2,4.639642748931832,88.53389686157216,50,2
20241121,55,9.7,71.9,9.226899228199764,5.205111518946087,0,2.627298206554592,81.71341950790024,61,5
20241122,34,6.2,48.0,10.0,6.11848890183382,2,5.257663595146614,73.86413540369061,50,2
20241123,25,6.4,47.1,8.221332116997285,3.89031913821278,1,3.754141288920189,50.08167938465651,54,3
20241124,16,7.4,58.4,9.913334849727576,3.873388503291543,0,4.439323294819105,77.33218731371647,65,5
20241125,23,10.1,57.6,9.46209061699748,5.998015383777164,2,4.320809462371607,84.14742577112854,58,4
20241126,10,5.8,86.4,9.573302374687456,5.107622074180367,4,4.678929203816548,73.93867755405638,45,2
20241127,9,-0.4,90.6,10.0,5.097064380067047,4,3.988866616703078,80.3530018007629,49,2
20241128,17,0.8,82.0,7.223214434158581,5.285403374623739,1,1.849668205213684,70.5640027772682,61,5
20241129,31,0.2,76.3,8.248782991270694,2.985403503984585,1,5.256648959812575,63.66915338330315,46,2
20241130,25,2.5,81.6,10.0,4.588882627447243,0,3.7457195112229775,82.1772913013996,63,5
20241201,30,5.2,89.3,9.241577842726498,6.797165427648293,0,5.099916093565528,62.5569576704882,52,3
20241202,46,6.4,79.9,9.371099658737954,2.883547232814452,3,5.063553417997647,62.715446942822624,37,1
20241203,16,1.3,48.6,9.429693055728045,5.677758449131334,0,4.841222250525764,76.31950170344706,64,5
20241204,21,3.1,52.1,8.178219999726448,1.1246744795175905,0,2.9164301030528827,65.18023164862119,59,4
20241205,21,3.9,62.8,9.56759685896281,7.091479221516813,4,5.7077504996675685,72.29937593173791,39,1
20241206,25,2.1,49.3,10.0,6.978083304217087,1,6.643965015122321,77.25326399670472,52,3
20241207,22,0.2,56.9,9.039574314123126,2.798081849780978,2,4.941595985338476,66.37234209975513,52,3
20241208,21,-0.2,46.5,8.560206091350622,0.7069322238023141,0,3.757517380625523,60.07030979199333,53,3
20241209,32,1.0,56.1,9.237477159227948,4.098116137535853,0,4.084461274482449,63.28459643530856,60,5
20241210,40,2.6,58.9,8.488288112307663,3.5303478934619466,3,4.873731085907032,67.44117926216444,43,1
20241211,59,3.0,50.3,9.099353583480749,1.3676173547136266,1,4.151028542545091,56.24730624155853,44,1
20241212,43,0.5,45.8,8.499839819731383,2.686071995265632,2,3.27908429326362,63.37905952169277,52,3
20241213,27,1.0,42.1,9.809418919763775,3.882037634374453,2,4.7121043662882816,75.49683274331812,54,3
20241214,28,-0.8,51.0,8.848774575386042,1.9180202375623936,2,3.2908486633370777,63.40778648753239,54,3
20241215,18,1.2,54.1,9.98401830466826,3.158107697954384,3,3.5844754114207538,63.27153590435191,53,3
20241216,29,-0.2,65.9,9.638581371049158,6.654092936328807,4,5.323352135596527,69.65882025644143,38,1
20241217,24,-0.8,51.8,8.274135604897369,1.5869472839004382,3,1.8210144597672269,70.88054106724258,54,3
20241218,30,-3.4,47.1,10.0,6.347588833587204,2,4.274115993747327,74.83108279009038,55,4
20241219,52,-1.4,47.4,9.674883985488927,2.046737498948106,0,6.036250149939328,64.2103302697685,48,2
20241220,59,1.4,60.9,8.447797573753286,2.899151751142913,2,4.011804702787822,64.6066195557327,42,1
20241221,52,-0.7,74.1,9.457330962439332,4.469687393227539,1,4.184258725407982,65.68331238369868,48,2
20241222,19,-3.4,52.9,9.212150390701687,8.710598511162141,0,4.983505950530558,76.0481700622411,62,5
20241223,28,0.3,58.5,8.88706331177393,3.674124870635557,1,4.994892716081502,71.38605973663921,55,4
20241224,33,-0.4,50.3,10.0,4.687162677025063,4,3.7544146125965305,70.58864604325811,47,2
20241225,34,2.7,63.1,8.080629052819045,2.4997901558220783,4,2.271521682440275,59.09139261498268,43,1
20241226,65,0.1,57.9,8.340127148619967,3.1797038256482946,0,3.562652046883136,72.79016580739685,56,4
20241227,30,-2.6,51.4,8.68672876590054,3.784383948555442,1,4.1985086172881765,69.46458214242303,57,4
20241228,30,-3.0,48.3,7.5738833110707,4.590895206467555,1,3.266361695911572,63.965368338450006,56,4
20241229,24,1.1,56.1,9.221290150988084,7.473550372933497,4,3.8662456298316616,75.19403337034261,49,2
20241230,54,5.5,68.5,9.445639410839307,4.274650615853076,3,4.1336494648280535,75.26903601730756,42,1
20241231,51,0.6,45.8,8.736117712137304,5.822588104364414,1,4.183283844384003,75.41717472799544,54,3
