SleepTime,MoodScore,ActivityTime,Caffeine,PhoneTime,PM10,Temp,Humidity,profile_type
7.899133821556898,63.641586307735935,3.7367018016675972,0,3.665888099768024,35,29.1,72.1,owl_chronotype
9.686829150544108,69.82903444645466,2.994240074297821,4,6.987034870975435,25,29.1,68.9,owl_chronotype
10.0,72.48606510974851,2.9418705662373412,3,4.136397049666339,25,28.3,71.8,owl_chronotype
8.521263759933957,60.817045078723126,2.959528277683589,1,5.838247448180256,23,29.5,69.8,owl_chronotype
7.712492849952021,64.72264554970714,6.221020033338294,1,5.281047677314145,19,27.6,80.3,owl_chronotype
8.97536304726737,67.06700662606946,3.862780542750797,3,3.6015525771569052,12,24.8,91.3,owl_chronotype
9.754081127942978,69.46323498678412,5.085969178186513,0,7.6382628322045,5,25.1,84.8,owl_chronotype
9.742817688795354,69.78661988906282,4.559667428764257,4,6.413033152037568,9,26.5,77.9,owl_chronotype
8.283333579952915,65.74854033334951,4.588946701861557,0,4.3827449728938985,37,26.4,72.3,owl_chronotype
9.106172771576183,79.17933407795945,7.162405108328841,2,5.7549461263189094,26,26.1,75.0,owl_chronotype
10.0,90.40919408783141,6.7382677133702185,2,4.299413510222034,13,22.7,87.5,owl_chronotype
8.746757900043349,64.48100717649515,4.5946347849339695,1,5.723983399675335,15,23.9,89.6,owl_chronotype
9.04746296889176,69.4656511831774,4.345848304820819,2,4.935088843918301,17,22.8,88.0,owl_chronotype
10.0,76.53294527940473,3.2328089017855435,0,5.232200228923223,20,23.9,76.9,owl_chronotype
8.707755320833021,66.34658407228292,5.687510732623945,2,4.936265475049051,25,24.5,70.6,owl_chronotype
7.83145366490942,55.38530569152241,3.739972047939213,0,5.9441817487031505,27,25.4,63.9,owl_chronotype
10.0,87.52241580974008,6.296601991427732,3,3.323569833410251,16,25.8,77.8,owl_chronotype
9.715647534054792,72.1891907651857,4.668184998691402,1,7.34423742331802,16,27.0,79.9,owl_chronotype
9.257264068702087,63.74010791521533,2.3229788103980216,1,5.828318968396656,16,28.5,69.5,owl_chronotype
10.0,65.52999997867002,3.9903759186720875,3,6.033627100709225,15,27.9,65.1,owl_chronotype
9.329216390556741,76.8518846041317,4.507679318611926,2,5.5639345409480505,16,26.3,54.8,owl_chronotype
8.736305103315367,71.22266230158104,2.130272810193234,4,4.092701916358158,16,25.3,60.3,owl_chronotype
9.588395951255702,73.39267015736097,2.9903622915268313,1,4.1213163755758195,28,25.8,66.3,owl_chronotype
8.983541136301511,60.672617289062735,2.2664350026658635,0,4.822700524049412,34,25.7,68.1,owl_chronotype
9.041747296321628,75.83877014114718,3.978110810618498,2,7.562268911197291,29,25.5,67.3,owl_chronotype
7.565668401601423,52.03772580709215,4.76142926854428,0,5.083997827784797,28,25.7,69.8,owl_chronotype
9.546679307910518,72.23296835274445,0.8792043267556902,4,4.857445897464354,21,22.1,84.5,owl_chronotype
9.562641264823913,73.13722536877727,5.915061618006099,3,3.3060761343782863,6,23.4,72.4,owl_chronotype
9.920944464516134,78.25919125419682,3.1199744125887756,2,6.513601604739821,8,22.3,82.3,owl_chronotype
8.721572248492485,66.6658693360847,4.24230404232614,3,6.046392183490405,10,23.9,87.8,owl_chronotype
10.0,63.11426896521437,2.2284024167750736,4,6.82191805680797,12,24.7,84.8,owl_chronotype
8.838248591419521,70.82378131702941,3.0308561238048606,1,2.784323220721017,16,24.7,79.1,owl_chronotype
10.0,74.85050972903625,3.7414497020411464,4,5.418364355974442,26,24.1,81.1,owl_chronotype
8.608246353959446,56.14438981999218,1.776707855182562,2,6.635285823734961,19,20.6,90.4,owl_chronotype
9.37447245158449,78.07222545664959,1.5149409157912972,4,5.280087013647611,9,20.1,70.9,owl_chronotype
8.023138008519517,57.32316049198392,4.151168490821584,2,5.844497878566725,19,20.5,68.4,owl_chronotype
9.337966245564699,83.17310534847205,4.666111142370384,1,6.344243124058095,16,21.8,63.9,owl_chronotype
8.32403975009497,61.112651634259535,3.301889655875809,0,5.268366542029261,10,21.8,56.4,owl_chronotype
10.0,67.97282351602013,3.071044321500818,4,5.343531188636925,11,21.6,66.4,owl_chronotype
7.542654320622958,59.50292784588651,3.5141982246861048,1,3.7308288678487913,4,19.9,95.8,owl_chronotype
7.512437174545786,62.892423053741766,3.6574619129724764,2,5.105553908422839,9,21.5,90.1,owl_chronotype
10.0,62.551038196263434,6.088358374648453,3,3.7126757381999287,44,22.7,78.3,owl_chronotype
7.904069360069243,62.14240101268417,1.9116464444797505,1,5.960342966852,28,21.1,61.5,owl_chronotype
9.745110576684583,74.16621063015099,2.3354285976683427,0,6.2269892638432855,26,19.7,77.0,owl_chronotype
8.816796374631123,61.57392896173657,4.580400806127911,2,5.5381700473076565,24,18.4,59.5,owl_chronotype
8.051072932260054,64.65948760829653,2.449894765036727,3,5.076120471357255,17,18.2,53.8,owl_chronotype
9.737004167594502,80.5910725404268,4.607060520101324,3,2.7329660285654285,19,17.5,66.3,owl_chronotype
9.138666354523394,63.49240628656738,2.7164285698526656,2,4.932548331083968,20,17.3,75.5,owl_chronotype
10.0,62.063090658635886,3.329015915835565,4,7.402463202894917,30,14.2,46.1,owl_chronotype
8.492520971648643,66.36612012858339,0.0,3,5.223816036440645,22,15.5,55.3,owl_chronotype
8.895336260505319,73.02768646614143,5.054257230425326,3,2.528672110664669,18,16.8,62.6,owl_chronotype
6.9776917426381,48.146315784129314,1.5655675627568701,0,5.6733676992647,9,17.1,67.1,owl_chronotype
8.589535492367364,66.26532001856785,3.221437266843642,3,4.573832776138433,10,17.4,68.1,owl_chronotype
8.349625106949375,70.45060072992514,3.0877372124388733,2,5.419202284605206,16,17.1,67.1,owl_chronotype
9.846918357226391,76.01110233878353,5.130422473928136,4,5.99682452628452,20,17.6,57.5,owl_chronotype
9.247580684550092,71.83647580612516,5.356402078386782,2,6.336503241438384,26,17.5,62.4,owl_chronotype
8.819289738749411,79.6895241970914,7.206781515113031,3,4.135462280059282,33,17.5,69.6,owl_chronotype
10.0,66.38368408109041,2.8639729823884443,3,5.968260802582143,26,14.7,84.9,owl_chronotype
9.694822261228769,74.44796520914845,3.528687145299451,1,3.5665487283439417,23,16.1,80.0,owl_chronotype
9.281673205978116,69.6908173270039,2.918858480230914,3,5.38827389715537,43,14.7,57.0,owl_chronotype
9.015858707429675,78.87994431389582,3.8700466628365264,2,4.070555633360392,34,13.8,55.6,owl_chronotype
9.063050752551504,67.74178283621076,3.1820874594066577,4,4.649520899548243,31,15.7,67.0,owl_chronotype
10.0,78.51100077532259,3.904651339413115,1,6.6096110152920176,26,17.0,82.5,owl_chronotype
9.690615574783175,75.42997141604154,5.323127109994376,3,6.1035365552392165,19,11.6,46.9,owl_chronotype
8.75860231833515,70.40631703851194,1.7784522946835724,0,4.4623722182678405,16,10.4,54.8,owl_chronotype
8.763020949127599,72.41497474640042,4.060805661212943,2,4.811289786060808,22,12.5,67.3,owl_chronotype
7.494344802883837,48.44278063375188,2.072065995238008,0,5.166785076415387,26,15.2,73.8,owl_chronotype
8.969813147855934,69.39428337573545,3.6103680060311354,1,4.067599131627194,31,15.6,78.5,owl_chronotype
10.0,67.71278150608993,4.064560636493759,4,5.804636637774545,34,16.6,78.6,owl_chronotype
9.887872841627994,80.78922542351512,4.259387185192329,0,5.532166815924539,43,17.2,79.4,owl_chronotype
10.0,74.4473463031704,3.5233570673438317,2,5.949701981038752,26,15.7,71.1,owl_chronotype
9.655476569817822,74.73022943632277,5.398011571404439,3,3.630612624731955,35,14.2,62.9,owl_chronotype
10.0,74.398640015171,5.572205832094215,4,4.979931313748753,28,14.9,61.6,owl_chronotype
8.416758652414963,68.58895820574152,5.6271482721872665,2,6.096032261198776,39,15.1,72.0,owl_chronotype
8.70070433777111,55.256938928056115,2.1480325545122545,4,4.744965932329778,47,16.5,76.0,owl_chronotype
9.043119095270878,63.6268185502782,3.7169846476459307,1,7.465877717054775,49,19.0,81.8,owl_chronotype
9.95426903017005,76.76132038092375,4.842144388078294,3,6.9575807606001785,39,20.8,70.9,owl_chronotype
9.582222098457368,73.95637454154246,2.9274999440444462,4,5.573985166852331,33,19.5,83.3,owl_chronotype
9.98880195929628,70.77726605516587,3.343453053520738,4,4.874756777800997,43,17.4,75.5,owl_chronotype
9.84636350545958,76.27761962790335,4.021583571239368,3,3.5861425820286454,12,17.3,87.0,owl_chronotype
8.7323312487337,42.99588890903301,2.8269900034567534,2,4.253673993854012,19,13.3,84.9,owl_chronotype
10.0,72.5851125383883,3.1321352542888325,0,6.78573201676834,20,5.8,62.5,owl_chronotype
10.0,67.93024503847992,3.6710723147183826,3,6.091231914418875,24,8.4,55.1,owl_chronotype
9.507222180735972,68.53277587795944,7.622511639346324,4,4.164162189920493,28,11.4,73.1,owl_chronotype
10.0,64.09884055690198,5.082280745652892,3,5.261835278292422,16,3.4,53.1,owl_chronotype
10.0,75.31789728257061,3.7986868047675113,2,5.068404638195256,18,1.7,47.9,owl_chronotype
10.0,72.20443323245266,6.6015715792549585,3,4.644398788255559,18,1.2,53.8,owl_chronotype
9.524301383670263,66.57877549610198,3.0415035350562887,2,4.408592980854892,22,2.0,54.0,owl_chronotype
8.42716552863281,67.85418076011649,5.226345235427306,0,5.279158392366397,26,5.0,66.1,owl_chronotype
9.13726047609352,71.18176134409656,4.416909102896864,1,6.648924748925453,43,7.0,71.4,owl_chronotype
8.941814634273136,74.59409985367158,3.662879549222372,4,5.474250331902659,47,6.6,85.0,owl_chronotype
8.532596478965479,53.06452578323248,0.3538674168128879,3,2.9672054846577485,18,1.6,59.3,owl_chronotype
8.249401671736209,61.86142426861197,2.2919573312849963,1,6.764236078012512,21,0.6,58.9,owl_chronotype
9.181303436319073,71.76179418102785,5.026093037858454,0,5.213548811919041,40,5.9,68.3,owl_chronotype
8.354448688493845,76.79887035173078,3.5711081634179433,0,5.333509564031518,30,6.2,58.4,owl_chronotype
9.04544542821873,64.81192377352916,2.974157153231479,4,4.476702961354971,33,7.4,59.6,owl_chronotype
9.800748372476862,71.5097532671263,5.045269083326132,3,5.03311524833241,41,9.5,68.1,owl_chronotype
10.0,75.55104012695799,1.979981210606387,2,4.556531246128844,93,9.9,71.1,owl_chronotype
7.949881693687042,68.13372850310394,0.0,4,4.667106282496354,16,-1.5,51.8,owl_chronotype
9.514538161434906,72.75948704850217,3.8218718078165113,2,5.0811367320675025,18,-1.3,42.8,owl_chronotype
9.524482492745243,69.04077820886116,5.342951824692256,0,5.27519339864031,24,4.0,43.6,owl_chronotype
8.878015203593378,66.25046638787056,0.0,1,5.90902356583277,42,6.2,82.9,owl_chronotype
8.25973556518416,53.676933485379394,2.2582981278816874,1,6.581078484673563,31,1.3,58.0,owl_chronotype
9.75758303115804,65.64240003231225,4.84895211184125,0,5.283709968221769,17,-1.4,59.0,owl_chronotype
9.344374168373449,61.51038730863146,3.6930715160616745,3,4.6964068991963694,18,-4.3,48.5,owl_chronotype
9.77220357665194,76.17284055461386,3.280951659960337,1,6.043623112461068,22,-3.2,55.3,owl_chronotype
9.246829685355552,70.9119830191318,2.4734052548046814,4,5.19453106153931,35,2.0,60.8,owl_chronotype
10.0,84.67334981286506,7.358370330134475,4,5.328321281749286,38,0.8,56.3,owl_chronotype
10.0,74.29780246419611,5.794963844644613,4,6.427070340313638,43,2.7,59.5,owl_chronotype
9.42020520927302,75.15182998185357,5.758036498944072,3,4.404425984549424,43,6.8,55.4,owl_chronotype
10.0,70.43108387403419,3.2543310602679645,4,5.547103029963763,67,6.1,76.1,owl_chronotype
8.137750577721393,53.486258689159754,0.0,0,5.17664927985126,62,6.6,64.0,owl_chronotype
10.0,75.61302277432945,3.6567371267258935,1,7.021949046395913,80,11.2,73.4,owl_chronotype
10.0,73.56638394967831,4.564122626388949,0,3.7474765115922555,72,13.7,82.9,owl_chronotype
8.965809240782631,67.79428165983704,3.1516770449791602,1,5.441197764736356,78,11.4,67.9,owl_chronotype
8.426285709276668,43.10243516911058,1.1918379537844395,4,3.6985555985564633,4,8.9,82.9,owl_chronotype
10.0,67.34304009587426,2.269716385522581,0,6.700702960089489,7,5.4,75.6,owl_chronotype
9.06236433618435,56.87608929493199,2.917221696652403,2,4.693891651478602,12,6.8,74.1,owl_chronotype
8.70297751647622,69.29148720202622,3.9856541172053874,3,5.590558649968928,8,7.6,85.8,owl_chronotype
10.0,63.76161688854234,2.8197915029085934,3,6.195486112885122,6,4.9,95.4,owl_chronotype
9.091629553137842,60.158727086763506,3.2515130589086487,4,5.647947543642219,19,-4.1,68.9,owl_chronotype
9.142289230767283,65.69977040446126,3.8169336979452844,2,5.485676404812447,13,-9.8,48.9,owl_chronotype
10.0,67.97575642389327,2.4222599003480574,2,5.981341055968101,13,-7.7,45.1,owl_chronotype
9.550740288614348,63.57831436976421,2.8987769665438226,0,6.957270529372166,24,-3.7,63.1,owl_chronotype
9.680001178210174,72.92888112518027,5.449984441632568,2,5.8378664961064555,41,-7.4,64.1,owl_chronotype
9.691613945090312,68.5848772854641,2.8507964909357266,1,7.025628240641332,20,-11.7,57.4,owl_chronotype
9.88880711164252,78.53623637863191,3.1238396212033126,1,6.683327820208005,21,-11.6,51.8,owl_chronotype
10.0,77.6864552769762,4.169373334983879,2,6.75374228568681,32,-6.8,53.4,owl_chronotype
8.1933043541636,68.39425205142534,4.677001787665214,0,6.2832219232939,37,-2.2,73.4,owl_chronotype
10.0,68.72773869384325,6.300391794905533,3,5.51997501101152,43,-0.7,80.8,owl_chronotype
9.216577870264802,67.3133671038065,2.1859484208427986,1,5.591447505413201,51,1.9,72.9,owl_chronotype
10.0,64.46315292723509,3.4990794045964058,0,7.067915978956676,83,1.5,76.6,owl_chronotype
9.514685877224895,61.48180285042274,1.0208449892808673,0,6.003940514577768,54,1.2,69.5,owl_chronotype
9.50819562135669,61.607593035681155,1.6123635222785224,2,3.8985849374351162,45,1.3,71.0,owl_chronotype
9.543697842470708,62.8778051408007,2.7735752378738647,2,5.089107104636847,39,0.6,92.0,owl_chronotype
8.66538554639635,71.71356871096194,3.0781611079191924,0,6.320718269049092,22,2.1,95.5,owl_chronotype
10.0,63.789440457439035,3.6568379074035455,4,6.84986931809911,22,3.3,83.4,owl_chronotype
8.685792255235413,55.43897570093617,2.0338322517926803,2,5.462305671542608,42,2.9,72.6,owl_chronotype
9.229956370185288,61.345830999284566,2.2272690689947856,1,5.620406841587655,42,1.8,80.4,owl_chronotype
10.0,60.24840721162552,4.018152955059088,2,4.522294641925791,56,1.4,74.3,owl_chronotype
9.067104352906581,62.387385539730076,5.601369386714076,3,6.411017323933478,89,5.0,77.1,owl_chronotype
9.891282481241054,71.41682536216716,3.187045839612937,3,5.898018271001793,25,0.7,63.9,owl_chronotype
10.0,70.74406745492334,5.924476134198226,0,4.856736041102756,24,-4.4,57.4,owl_chronotype
9.397544042489137,61.49637688944603,2.4395259290043834,2,3.67076434225302,23,-4.7,57.8,owl_chronotype
9.30912941163774,64.77391482217408,1.4153271888978662,0,4.694165398377151,30,-0.6,84.0,owl_chronotype
7.044031960071019,50.60216662588785,1.8438958872646958,0,5.970136319450558,70,-1.0,85.9,owl_chronotype
8.25952892328883,62.707291999035164,2.515373348489208,1,5.420489021710859,68,1.7,80.6,owl_chronotype
9.668423345948208,70.74268520434177,3.0808600424906727,1,5.7228291721437134,59,0.9,61.6,owl_chronotype
8.606019354465449,61.455258260411085,2.3181274646393817,2,5.824013006635617,24,0.4,44.3,owl_chronotype
10.0,72.67833286134885,5.452024908894771,4,6.554378671184667,34,-0.6,74.5,owl_chronotype
10.0,68.86877694298383,2.5724529388759145,4,4.804965863171319,22,-3.7,51.3,owl_chronotype
9.556718186896802,67.64906921855942,1.6321402949472177,4,5.147143700565522,31,-2.1,49.8,owl_chronotype
10.0,69.79008752502837,1.4614112669647987,1,7.8779605449123125,36,0.6,78.5,owl_chronotype
10.0,66.22402318362525,1.14385325808452,2,6.305062523145159,27,4.5,81.5,owl_chronotype
8.910089850525573,75.10859955336578,3.7703210918301666,1,5.084320280124693,13,5.4,65.4,owl_chronotype
8.951080372840744,68.77488181649717,6.138441047156508,0,6.590529206384869,4,3.4,69.5,owl_chronotype
8.552908834946784,63.791645258552364,3.229026484561852,1,4.384427383213201,9,1.7,75.8,owl_chronotype
10.0,69.43134659385942,5.014398707004748,4,6.04859672132022,34,-8.7,65.6,owl_chronotype
8.312336329887655,54.866158973767114,4.554518469867922,1,6.289075435809568,23,-11.7,53.6,owl_chronotype
9.613259459271823,55.124508149920445,3.9302189366591644,4,5.942281849277305,23,-8.0,52.0,owl_chronotype
10.0,75.10792334316866,3.305188495235578,4,5.423467219385849,23,-5.3,47.8,owl_chronotype
8.691816254177033,64.26966806795838,3.839214527227231,1,4.61764538829211,33,-1.7,62.5,owl_chronotype
10.0,66.6025220002692,3.276958235893202,4,5.691938595176962,50,-0.5,70.0,owl_chronotype
9.82738758322362,83.12689999682954,5.773303967687844,1,5.129655371209763,31,-1.5,62.3,owl_chronotype
9.569584706665395,67.50058628038359,2.135920674770585,4,2.980273927174182,44,-0.4,66.6,owl_chronotype
10.0,70.77145784614005,5.054730380414809,0,5.080400906494102,59,1.4,59.3,owl_chronotype
7.653981347539723,53.83568718713357,0.5342856999035344,1,5.5715111667295645,57,4.7,54.1,owl_chronotype
10.0,63.47711790506642,4.198797379502181,3,4.875069390243322,86,2.4,64.9,owl_chronotype
10.0,64.33109260666359,6.339829356591514,0,4.288484770121626,38,3.1,65.5,owl_chronotype
10.0,61.45081562657584,3.6983006040124073,2,5.3631609148919965,33,4.7,63.9,owl_chronotype
8.939249342341707,66.28483532420712,4.9860837561678455,2,5.0300380529229916,23,7.3,60.9,owl_chronotype
9.754903298645658,65.95313499765706,2.544357100447738,0,5.068700806035465,6,2.7,81.8,owl_chronotype
10.0,66.67366181927271,2.5337717596577405,3,6.66751100458649,13,1.2,83.5,owl_chronotype
9.73582064065474,65.30023877571126,3.425493294516638,3,5.150527437915441,33,0.6,76.6,owl_chronotype
9.375575258332404,50.46494692476418,4.4875681610701275,2,5.669021858073702,39,0.6,66.9,owl_chronotype
10.0,69.74969820341393,4.028144468197591,4,5.418964501999197,67,1.0,70.6,owl_chronotype
8.897955046761577,64.82111992152419,4.453012244729697,1,6.593785827908303,67,3.5,62.8,owl_chronotype
10.0,64.12177815314425,0.0,4,6.413092713104627,69,8.2,70.6,owl_chronotype
8.942826171217368,72.28047595736237,5.663278558022688,0,5.1512165905037675,53,12.9,76.4,owl_chronotype
9.932806970555674,81.0339842980124,4.748729994176136,1,5.791539794357056,22,4.5,89.9,owl_chronotype
7.663834197339614,44.86396716514037,2.2800288325920572,3,5.29480643896169,23,2.3,72.4,owl_chronotype
8.835057494901282,72.5928964382497,5.417501292414696,1,5.806502759688811,42,4.4,73.5,owl_chronotype
9.114660709969325,65.1827893771199,1.7076463201077547,4,5.747320225392986,39,6.2,81.4,owl_chronotype
9.916624085239706,78.97470108221522,3.446741601113545,0,5.568331228227627,12,9.1,95.8,owl_chronotype
10.0,69.98016013090803,3.802245488186225,2,4.88285044256663,29,4.3,86.3,owl_chronotype
10.0,79.39056699000527,3.39539197487573,2,6.7381451109109545,3,1.9,92.5,owl_chronotype
10.0,66.60587007864795,0.8068446742192572,3,4.893962269995032,4,0.2,84.5,owl_chronotype
8.772920805993744,71.69116528170099,1.0425551877131136,1,5.602397276221173,8,1.8,68.8,owl_chronotype
9.616438966253728,58.07843014084931,0.6375086810654871,1,6.385266865420126,13,2.0,68.6,owl_chronotype
10.0,65.44568012836584,4.657472566054238,1,4.165478761111039,10,2.8,80.8,owl_chronotype
8.602009899378197,68.59776499330434,5.1894921801541205,0,5.291944566249119,30,3.8,65.3,owl_chronotype
9.687570151889815,64.91433060784527,4.335967633524471,0,5.687048298090637,16,5.3,52.0,owl_chronotype
8.306595142990084,65.20281643911903,4.784689326180455,2,5.829035980618019,31,6.4,59.5,owl_chronotype
9.096930057041174,56.8540439113367,3.3359281435965515,4,4.628317907001189,54,4.8,63.6,owl_chronotype
10.0,89.8647057855916,4.016304627744944,1,4.878874706939275,36,-4.1,38.9,owl_chronotype
9.443663140950276,70.53512494994311,3.936548109824798,3,5.241441839126201,33,-0.5,60.4,owl_chronotype
7.238902668637779,56.79461842947456,5.06334165298741,0,4.891749468014349,112,4.0,71.5,owl_chronotype
7.910435177039421,52.66054562223897,3.1449716383018393,4,5.156467612938534,69,5.4,45.5,owl_chronotype
9.716511939499533,81.52379301803245,3.4739026573295178,1,4.899822043661764,41,8.0,45.1,owl_chronotype
9.164803482161258,68.7253943860783,2.8663293753577093,2,5.655546401655865,12,6.2,58.8,owl_chronotype
9.659832534118102,64.42439657702214,1.0611169377299374,2,6.36180145916974,28,3.9,62.4,owl_chronotype
9.49334936886177,72.11791921207899,0.0,4,4.480645594952766,41,2.1,50.6,owl_chronotype
10.0,76.84930582060984,4.7053056706962,3,5.310266234845623,32,2.0,50.8,owl_chronotype
10.0,69.32817090309163,3.932341787173586,4,4.861877705305769,30,4.2,54.0,owl_chronotype
8.642335092589063,62.97002540593305,4.6325047666520796,2,4.518293732270179,34,6.2,62.3,owl_chronotype
9.284533712668763,59.620039095609094,2.8593385325234015,4,6.0766888796568015,28,6.6,78.0,owl_chronotype
9.778822734305162,78.86639179486517,3.2923375358001548,4,6.223259567387992,44,6.5,57.6,owl_chronotype
10.0,72.81414555001338,0.42209703624266437,1,6.319124405535702,59,8.5,58.3,owl_chronotype
10.0,82.24054695063377,5.017499230317197,0,6.321489102241867,50,8.9,68.5,owl_chronotype
9.070925288792148,77.82185728191668,6.377497231110516,1,5.245879157822243,51,10.9,54.5,owl_chronotype
10.0,74.53597535767743,4.54346221907765,2,5.679504926645299,96,8.8,48.0,owl_chronotype
9.977011284288016,82.23910546250012,4.636158201636485,1,6.007869400609317,18,7.1,28.6,owl_chronotype
9.370744883819219,60.19982616230506,4.9679280328410025,3,6.132017235863778,49,6.7,60.8,owl_chronotype
8.143576372735296,66.20723001239669,3.9494366832118417,2,4.545651777944699,39,4.4,46.5,owl_chronotype
8.42341641790009,71.08347134831565,3.9301915135660836,0,6.506327968491234,33,5.0,46.5,owl_chronotype
10.0,71.47537107300332,3.8735704391722874,1,5.459234350769343,41,10.4,57.0,owl_chronotype
10.0,73.4354903150009,6.052238900467598,4,6.404529662705838,59,13.0,66.0,owl_chronotype
9.279790486586217,72.37887837323046,3.979384841265654,1,3.810653302747203,29,16.2,42.5,owl_chronotype
10.0,77.07977321327998,2.5930743059119314,2,6.2861108910918695,16,10.6,63.0,owl_chronotype
10.0,77.9733091438805,5.080905759674364,0,4.488191789697197,5,7.4,77.3,owl_chronotype
9.364973205635836,74.2175719159135,5.935382265364066,2,5.718051965995461,23,10.4,68.4,owl_chronotype
9.324667528194587,55.48096382534219,4.562316756322949,4,2.869521858279729,24,10.3,81.8,owl_chronotype
8.029130926935611,63.15793047536651,2.55609894241599,2,2.826210413961516,239,7.6,73.0,owl_chronotype
10.0,67.30609497314362,1.2687175568143951,1,5.836329615915717,89,8.8,56.5,owl_chronotype
10.0,75.83532385650666,4.710476880607467,2,5.193697723460667,38,10.6,39.9,owl_chronotype
10.0,68.50668133793349,3.5096979980779612,4,4.7192505492790975,38,12.2,32.0,owl_chronotype
8.933688843156217,64.2988468271118,3.812324062062205,4,5.5194217841951545,48,15.4,37.5,owl_chronotype
9.057774575688292,77.34764947449328,3.1720350516399805,1,4.893504958416386,40,16.6,55.9,owl_chronotype
9.556876763254868,72.58104884218656,6.477102162711221,4,3.907195916683509,29,15.5,52.1,owl_chronotype
8.619113220633889,70.51773642765345,6.171370670331647,1,5.649300242137748,39,14.0,51.3,owl_chronotype
8.32215303344751,64.45510462715727,4.197655380257713,0,4.942094397146813,66,12.7,48.6,owl_chronotype
9.781279672868903,77.51801928073867,6.1992930085525355,3,4.800385015539615,54,14.8,33.4,owl_chronotype
8.83806101292519,67.60440053521124,2.5149349343807246,4,5.353069752554057,51,16.2,46.5,owl_chronotype
8.931219064101823,62.59226821092511,3.1537584226867685,3,5.951138557271443,37,15.3,32.4,owl_chronotype
10.0,73.50727192005249,5.376048681497769,3,5.860947545775836,40,13.8,62.6,owl_chronotype
8.957783669675006,67.3527508882622,6.709768615738552,1,4.477424455799885,47,15.5,61.0,owl_chronotype
10.0,81.80355079313787,3.4209996066326886,3,5.252411135765794,48,17.2,59.6,owl_chronotype
8.572873234883474,70.23138123132551,1.3559909561922292,2,5.128424798603768,37,19.1,52.4,owl_chronotype
9.10891644887775,84.04909539504482,4.321469630434307,3,5.1705752648062075,41,20.8,47.1,owl_chronotype
9.773699666388167,70.98313800522222,3.659442163660412,0,5.790357369673734,20,16.0,77.4,owl_chronotype
10.0,68.34333669090285,5.37001261083477,3,8.007745273466401,71,13.3,82.6,owl_chronotype
8.997276031684986,69.79855957764661,3.336065257594521,4,5.031189592716072,139,15.0,65.3,owl_chronotype
10.0,69.81649897825352,3.0225287932906966,2,6.60716944979889,116,17.3,53.3,owl_chronotype
8.148301347185152,68.05785260195707,3.5645935706572205,4,2.9181663063408965,91,17.6,51.8,owl_chronotype
8.705816256796622,70.05519663191424,5.550708229204569,1,5.502531526857113,64,14.9,77.3,owl_chronotype
9.193386675744495,63.49645787257858,5.394717747235305,3,6.33308012414126,13,17.2,65.5,owl_chronotype
8.978329233313929,62.756306927282665,4.019936153956749,4,5.792398227999284,29,18.8,49.4,owl_chronotype
9.279783593461374,74.74935582198367,1.8532476404224103,2,6.35493487484953,19,17.3,55.0,owl_chronotype
9.428817684892037,78.25823078066227,3.2835154093655974,0,6.202247752090923,10,13.2,80.1,owl_chronotype
9.712998475273306,72.6943701303208,3.4185694619161797,4,4.428079775005257,28,14.4,75.6,owl_chronotype
9.967493268792536,79.24694962828455,4.558847412876723,1,4.894619205371508,64,17.8,61.1,owl_chronotype
10.0,82.01746997762966,5.370195629471507,4,6.586895547101331,45,18.2,56.4,owl_chronotype
6.898700231086058,49.51120657802723,2.996229208903884,0,5.259185667462933,35,20.7,53.5,owl_chronotype
9.51766412293091,60.332080269119984,2.872781731865085,4,6.589000446709079,41,20.9,48.0,owl_chronotype
10.0,71.11206102259493,4.265412874662804,3,5.198004185840466,58,18.6,62.5,owl_chronotype
9.405796335626423,75.19505713285247,4.513480155916926,2,5.074380532265265,24,18.5,46.0,owl_chronotype
9.547693733850062,81.5553356083146,4.00211010174321,3,4.0503587279726005,34,18.1,48.4,owl_chronotype
10.0,76.66816076724932,5.926481929956079,4,4.834369548217101,45,19.7,46.9,owl_chronotype
9.766631653514773,77.21982896926959,2.794847400784711,4,3.434935439900479,55,21.4,44.8,owl_chronotype
9.647770483901851,71.74207745676611,2.790382591814048,4,4.446767202176924,25,17.8,87.4,owl_chronotype
8.3366930326974,57.45152991088853,1.1666498772868517,1,4.929497320952871,9,13.9,92.9,owl_chronotype
9.170377474966047,63.861119628902124,2.827185756047032,0,5.3692774687301075,21,13.3,77.3,owl_chronotype
9.556438672859905,71.52486509418591,6.14021476783738,4,5.610142900140099,20,14.7,58.8,owl_chronotype
8.177752752760147,54.38373700993152,1.3336030005981088,1,3.1148201261705206,30,16.1,63.6,owl_chronotype
9.362510212057426,73.5504775289026,5.11428704164294,4,5.0576980744834374,30,17.9,55.6,owl_chronotype
9.131093460096004,72.48407221641895,8.007732518672567,1,5.912408780412682,18,17.0,80.0,owl_chronotype
9.965280075021218,78.09646623510892,2.89258599632599,4,3.663617734074041,68,16.6,65.0,owl_chronotype
9.517553899873581,82.72518441910258,5.690305381927372,0,5.815504286122815,28,18.3,51.9,owl_chronotype
7.469449841139172,58.90053687857273,3.2143161467615724,4,3.5706510936783946,27,18.8,43.3,owl_chronotype
8.964827482150929,60.65414864056758,0.9600395876102477,1,4.546712829597231,21,12.6,74.3,owl_chronotype
8.32413206570939,63.25089308654609,2.6643736729020913,1,5.373464754467963,15,13.7,61.3,owl_chronotype
10.0,75.5785730307205,1.4405147546361885,3,5.330556690628969,44,18.3,63.6,owl_chronotype
9.584254913929694,61.848843603344775,2.0758590202725564,4,7.210269744580209,26,20.7,65.3,owl_chronotype
7.722866901409666,64.14556341256043,4.200303654842787,3,4.290634930019413,23,21.5,63.1,owl_chronotype
7.8767556750711885,55.69982228255381,6.68181685931891,1,5.682373200354128,29,19.4,75.0,owl_chronotype
8.629088269445436,61.16559019760826,4.164280817020835,0,4.135358181019855,43,21.7,68.1,owl_chronotype
7.863380498531806,52.51030081495105,5.095228112278415,2,6.87407769513461,61,20.5,68.9,owl_chronotype
10.0,87.09898589939395,4.980907721018639,1,6.212468384478298,32,20.2,67.9,owl_chronotype
9.21447060248926,60.231896781627086,4.111363174500789,1,4.67519553683057,34,20.1,75.1,owl_chronotype
9.24846282633327,67.74997831872999,1.2669211478488291,2,6.352496390119612,31,21.4,62.8,owl_chronotype
10.0,72.06574956786294,2.447229435012688,4,6.650753796387401,25,19.9,74.3,owl_chronotype
7.804367391230832,53.37046200549203,2.3295721101818163,3,5.913536020642515,25,18.5,63.4,owl_chronotype
9.512331644978463,69.6436480323601,0.0,1,6.976040392981353,15,20.4,54.8,owl_chronotype
7.407109448755539,74.09108526267308,5.791191411083519,1,3.6317604651828916,24,21.2,51.6,owl_chronotype
8.987235454153316,68.44923870328732,2.634727751425662,1,6.009119959923901,25,20.7,49.1,owl_chronotype
7.5348990002987275,64.02001840209958,2.4725578092654086,0,4.808147271834058,23,20.4,60.0,owl_chronotype
9.281819608508268,79.51923320311604,2.5591548736622314,0,5.699648177863802,27,20.7,61.3,owl_chronotype
8.773147593795377,66.43062098786176,4.574532646268436,0,5.905249106092496,20,20.4,51.9,owl_chronotype
9.219759531219553,79.88194400824574,3.9985767521928,2,5.532293092461472,13,22.2,47.4,owl_chronotype
9.15813054183369,82.81208970475831,3.610261966062998,3,4.7174384183047495,16,22.8,42.1,owl_chronotype
10.0,75.85545862304633,6.536303797962109,3,4.955121748608829,37,23.6,53.9,owl_chronotype
8.410537330967646,69.94682863578923,5.336537227718818,3,5.689734593010592,41,24.1,54.3,owl_chronotype
7.647181566656289,69.0755127094711,2.24832119032618,1,3.3749567726241487,29,23.1,54.3,owl_chronotype
10.0,89.8214735181221,6.837023671990976,2,4.632208740373718,23,20.3,79.5,owl_chronotype
8.381422732568053,61.336218989426726,1.7132934316263193,3,4.833177185462103,29,22.9,68.9,owl_chronotype
8.738476018041725,66.98022366353477,4.209327143397305,0,3.77747571906084,46,24.7,66.3,owl_chronotype
10.0,67.22669804033649,2.3688252563937873,2,5.698800883664212,64,25.4,62.4,owl_chronotype
9.42770635202683,65.91836894328944,2.565273620842105,1,5.37106754630107,30,24.8,60.8,owl_chronotype
9.703060349765368,68.21144093697606,4.468238621475796,2,6.587697843365659,30,26.4,51.4,owl_chronotype
9.20519987308232,63.377109455399626,4.21982613294003,2,4.964301691176577,34,26.3,56.0,owl_chronotype
8.958684043411155,62.85366836393892,2.1540610093014823,3,4.684791884822544,26,24.2,72.3,owl_chronotype
9.864133462149217,81.37824735668825,2.969735266869891,3,2.807333620112356,20,24.3,58.4,owl_chronotype
8.128263716827743,60.211852695882556,4.374518998749813,2,5.783089341757583,20,24.8,48.4,owl_chronotype
9.785292794771129,79.14187360247696,4.546217420752956,1,3.8069982791648926,26,26.0,59.5,owl_chronotype
10.0,76.67206790526816,2.676710218465325,1,4.432591432671741,37,28.8,54.3,owl_chronotype
8.559014636965626,70.30112677409159,1.6959639279535321,2,4.26430964829316,40,29.4,45.1,owl_chronotype
8.567831121218942,84.71182478955384,4.114689938630932,2,5.3308918837413835,34,28.1,49.8,owl_chronotype
9.780524033886618,61.51096747136574,2.3731587453327183,4,4.996133737250583,28,24.2,80.6,owl_chronotype
8.594613332266524,63.63619241970144,3.1806029384520467,1,4.5201346396746125,13,25.1,79.5,owl_chronotype
10.0,54.42083910106569,3.3316656190874174,4,5.071929641800802,54,24.3,70.4,owl_chronotype
9.369450087120446,67.4236029503418,0.18924913417467648,3,3.6170424219953006,19,22.9,61.9,owl_chronotype
9.337840899754347,65.9717048123589,4.47287039725672,0,6.732191315800581,24,24.9,61.0,owl_chronotype
9.323460391480477,60.238880061305224,4.488357959459462,4,3.0064876050883886,27,26.3,55.0,owl_chronotype
9.07932108986838,71.66116402446295,7.27249720739382,0,5.098423256274671,37,26.6,54.6,owl_chronotype
10.0,73.389899012332,4.6112938934235945,2,7.2653123151475345,29,26.7,65.1,owl_chronotype
7.899468751636409,56.361489679408265,3.3615887371510214,1,5.356905944138022,18,23.5,88.5,owl_chronotype
10.0,68.49453634225608,6.928211813698168,2,4.94627339362661,24,26.3,69.1,owl_chronotype
8.395639173748012,69.23044700341018,3.7535957737851513,0,5.6581380845963345,16,23.2,90.0,owl_chronotype
7.912186840720457,69.80803715494137,2.370241705381211,0,5.2333177331323,25,24.7,80.3,owl_chronotype
8.764453836340433,54.53122407005325,3.460129956007111,4,4.852901745199234,40,26.8,74.8,owl_chronotype
8.486076117578435,72.0937103599855,3.2434353632896853,1,6.632322112840524,18,23.4,80.5,owl_chronotype
10.0,80.6263601756693,5.786392497506483,2,6.52917499216079,28,25.1,84.1,owl_chronotype
10.0,79.87396319716508,5.817632800658876,2,6.549363216369633,21,24.4,85.1,owl_chronotype
8.813756304675566,55.88979092545696,4.366397216118332,2,4.5516700956692375,10,23.8,93.4,owl_chronotype
10.0,77.35005026544555,4.815771546672473,2,7.4605995446491855,13,24.5,86.9,owl_chronotype
9.443893829274709,67.02642008326974,5.364132315162821,1,5.305499495549395,11,26.6,77.1,owl_chronotype
9.187032193120654,56.401715905012914,3.6750045088023393,3,5.18320187108695,35,25.7,79.6,owl_chronotype
9.547389570004446,76.92360622225605,3.997493817355277,1,4.474290325736616,36,25.6,79.5,owl_chronotype
9.40816080524941,68.40517536533842,3.130012354523329,1,5.694933319850874,47,28.1,70.0,owl_chronotype
9.238495260587154,65.82984547815462,3.748676041513967,1,5.589942432633643,30,28.4,65.9,owl_chronotype
10.0,73.83558307908363,3.8581481778150826,3,5.560629740446356,9,28.4,64.6,owl_chronotype
8.660668279669705,81.69594179051037,4.958650712162532,2,5.344072788477119,12,27.0,78.4,owl_chronotype
7.981422827796628,60.42140605936407,1.5176404034680693,0,6.1514270965024345,9,25.4,91.6,owl_chronotype
9.94298518911419,77.79761712008755,4.009154352376619,1,3.94840433566454,8,24.3,95.3,owl_chronotype
9.960450190096552,84.51390609066671,5.442099874785219,2,5.289432184291195,24,27.0,80.1,owl_chronotype
8.753626512873867,66.04308746772043,1.4558284726540247,0,4.144974236325944,15,27.2,80.4,owl_chronotype
8.029467519976532,52.498401303891384,3.217676665322641,2,5.517237783122693,18,26.5,83.6,owl_chronotype
9.242820192455046,76.86475525216333,2.4523767766410693,3,5.771277075118015,13,26.6,89.0,owl_chronotype
10.0,73.69019736372036,3.4863637847363687,4,4.439630840263253,11,26.4,87.9,owl_chronotype
8.914568603658298,68.76835813493399,1.9293221897087725,2,5.785244732224896,14,28.1,85.0,owl_chronotype
8.547533414015664,62.313063419529634,2.919104239441962,4,4.386311175046531,20,28.8,79.8,owl_chronotype
10.0,71.54553663052575,1.0290304157766834,2,6.22971055837143,14,28.7,81.9,owl_chronotype
9.516403285340067,72.22349938573977,4.102615705037585,1,4.6328842119013425,15,28.9,83.6,owl_chronotype
10.0,73.57056921285402,4.6709803181475245,4,6.043694250936802,16,29.2,76.0,owl_chronotype
8.977359671691723,68.68165328704933,3.989915974414919,2,4.413019935370672,22,27.4,84.0,owl_chronotype
9.040987586887603,83.29265166983159,6.905193055221316,3,6.034961420424412,24,28.6,78.8,owl_chronotype
7.7098649247447995,68.37347297417516,3.0806421751765867,1,4.839280724696877,16,29.4,74.5,owl_chronotype
9.882539760656702,59.037251728754825,1.2968812891182493,4,6.7995318198778465,18,29.9,75.5,owl_chronotype
10.0,69.16446478472578,1.502174926845588,1,6.084254461263781,26,29.6,79.4,owl_chronotype
10.0,69.4544428810485,4.915534835183091,1,7.262655982151009,34,30.2,75.0,owl_chronotype
8.583281248387804,65.10468490801055,1.4495377075292843,1,7.29695094353119,29,31.8,69.3,owl_chronotype
10.0,68.81676249060558,4.028594056435139,0,5.5350423604575045,28,30.0,75.5,owl_chronotype
10.0,87.34384902361072,5.941272084501398,1,4.837470868323426,14,29.5,74.8,owl_chronotype
8.382865061548566,65.92803168574598,0.5626726063612701,2,4.422312045121796,17,29.6,72.0,owl_chronotype
9.624470730640901,77.38576621193089,5.846203563967194,1,6.057894923226237,19,28.5,77.5,owl_chronotype
8.67622957996095,72.55105779670048,2.2126789424756783,0,6.017885739174163,26,29.3,74.1,owl_chronotype
9.090146295444978,67.59557493768588,2.247988713939151,0,5.194495911714293,31,30.0,70.8,owl_chronotype
10.0,67.12804078629308,3.5885554220968983,4,4.545210886606969,27,30.8,67.8,owl_chronotype
9.360825129114653,69.87764455189956,7.093399005307976,1,4.979444075788232,27,31.1,70.5,owl_chronotype
9.649983537827056,70.34193584701116,3.6450369369822773,1,5.162123768326938,22,31.3,70.0,owl_chronotype
9.531493500357575,69.05659586959746,5.08658628059978,3,4.7299211478690495,24,30.0,73.0,owl_chronotype
8.337649716006892,69.97734117882892,2.4302089264191675,1,5.090208558648095,21,29.2,74.6,owl_chronotype
8.084404441828486,66.9710713001788,3.149720473381751,4,5.3427106186876525,19,29.8,69.4,owl_chronotype
8.864870771556243,61.009194727588955,2.5493477869288856,1,4.7667164814690075,20,29.8,71.0,owl_chronotype
10.0,69.56492983579503,4.845499421764233,4,5.744939476260908,17,29.5,73.8,owl_chronotype
9.58339083749388,65.92018167669431,2.27822804148446,3,6.032023653976104,23,29.7,72.3,owl_chronotype
9.214628995568331,83.9251186631863,4.260338038075904,0,5.690103508237438,23,31.4,68.3,owl_chronotype
10.0,69.28043427746209,3.953205281588718,2,5.593111959771237,12,28.4,85.9,owl_chronotype
10.0,71.97445562866902,3.0677084098119107,3,5.337704798573589,16,28.6,79.9,owl_chronotype
7.905578150878608,63.75297317330013,0.9707042749114363,0,5.045573944316529,27,28.4,73.5,owl_chronotype
9.129228918532736,73.66520042850684,6.052887324148328,1,7.1796153692159095,38,27.6,78.8,owl_chronotype
9.01749578692672,63.181934870098885,5.083098145919384,3,4.602639507051374,37,28.5,76.6,owl_chronotype
8.626934598700442,53.907810391788125,0.9083158650764949,1,5.773423062440741,35,28.1,77.8,owl_chronotype
8.861341959788634,60.0604440192996,1.0152134385163052,1,5.527011954903863,20,26.5,69.8,owl_chronotype
9.119886926093443,64.52821743818775,7.001191800914693,3,6.284231777924359,12,28.2,62.1,owl_chronotype
10.0,77.70576895612221,3.5853932620936355,3,5.596212971154364,9,28.4,61.0,owl_chronotype
9.85899575597225,65.0327839448727,1.2327962367666716,4,5.2744117463477815,13,28.0,64.0,owl_chronotype
9.25290986686068,74.20685570369874,2.0940228843767326,4,5.145093897843637,33,27.6,65.6,owl_chronotype
10.0,75.616224607378,2.446372300216555,4,5.629545981440771,30,27.1,64.9,owl_chronotype
7.5303143262500125,51.66068132830505,3.285417820882354,3,3.3468393623660306,19,24.5,73.6,owl_chronotype
8.772978777958038,71.87508422483532,2.4761444744159133,0,5.686168461844513,10,27.0,54.5,owl_chronotype
8.249357568193542,55.22575107566884,2.0559865116949814,2,6.064320878677426,19,27.9,61.4,owl_chronotype
9.852124411621658,78.31877731380763,5.522540491268174,1,5.294615109726919,23,26.3,79.1,owl_chronotype
9.4914297970843,76.55620464698131,3.8187875611377797,4,3.706627640350783,14,24.0,79.3,owl_chronotype
9.33383449520124,79.81067572170312,6.183318720403241,2,3.7118025934971026,21,26.5,68.9,owl_chronotype
9.415711985188961,67.91104729139172,4.890218628895509,4,5.697155322094478,28,27.2,69.6,owl_chronotype
9.105223315511187,68.10541885957213,2.5588468987958857,2,4.978335967344165,26,28.5,69.0,owl_chronotype
8.214867533202012,62.045957432462394,1.4155494253042673,0,4.549121031148533,29,29.4,67.3,owl_chronotype
8.26931468764871,61.78066576798762,5.172702931297987,3,3.4982659802696947,31,29.0,71.5,owl_chronotype
10.0,72.73773579770192,2.6862726393399936,4,4.413684485670322,9,25.4,91.5,owl_chronotype
10.0,68.5902093959646,3.514500643750767,4,5.942303217306016,12,25.9,91.4,owl_chronotype
9.980618638072059,74.48017090701522,6.9084977467703,3,5.652154084463633,12,28.0,80.3,owl_chronotype
7.942493579959419,61.42830556698575,2.5818448926294697,0,4.900145286148343,12,27.5,73.6,owl_chronotype
9.931309510426825,73.80734948252271,5.944873932728131,4,6.047467434558296,6,26.8,74.0,owl_chronotype
9.153141759672849,57.21001651842188,0.0,1,5.317735111655397,12,28.6,77.0,owl_chronotype
9.241179192303942,79.67170043149412,4.73824974185575,0,4.752017596928691,17,29.4,76.8,owl_chronotype
10.0,66.78076360195077,2.1160501556887907,2,6.786587386136586,20,29.1,77.4,owl_chronotype
10.0,68.48336164146183,3.0450657171336206,3,5.536020319292129,13,25.0,89.8,owl_chronotype
8.860182056762943,62.515000339633616,2.301010968394041,4,5.543867622568988,4,19.3,82.3,owl_chronotype
9.781068310069697,77.3018706773108,3.49521430534511,0,6.8370573322981345,3,21.0,67.4,owl_chronotype
9.19143458895847,63.08495865322512,0.8512147437576365,3,3.9538663505320555,7,20.8,58.3,owl_chronotype
8.438199046783208,70.438383189034,5.766424265271652,4,5.199917309601093,10,21.0,57.9,owl_chronotype
9.496862393054567,71.94145324649196,5.279708098688525,2,5.151664646278643,16,23.3,65.6,owl_chronotype
10.0,71.82662274473012,5.055488942230309,4,4.7717114648401715,18,23.6,75.1,owl_chronotype
10.0,74.84679587019646,3.5349637796180926,2,6.229645196689608,15,22.7,72.8,owl_chronotype
9.112885830846825,61.72650512292812,2.4465561008620287,4,6.413167585264328,12,23.2,59.3,owl_chronotype
9.238472858117285,67.21719086170013,2.1011510621969434,4,6.258407555567795,7,23.5,61.5,owl_chronotype
7.459276904482002,62.48683775804199,4.460665446848222,2,3.492649574163951,14,23.0,63.0,owl_chronotype
7.346472043149365,61.12389648029235,4.037716190519414,0,4.278428714409206,15,18.3,67.5,owl_chronotype
10.0,76.36324168226274,2.072270243249754,2,5.7966148945407205,13,14.9,48.8,owl_chronotype
8.834530960652643,68.77032651836059,1.3275952182454356,3,4.1736378262016025,15,16.4,59.0,owl_chronotype
10.0,88.82732346058611,5.895529177385866,0,4.4824402040265685,15,17.6,60.0,owl_chronotype
9.980173213709648,82.95240145527374,5.899427946175775,4,5.292477659320301,24,17.5,60.4,owl_chronotype
9.491831622448688,72.25498624873477,4.657998162200045,4,4.554788474678241,21,15.4,73.5,owl_chronotype
8.862998011160416,60.117656189806226,4.43463882905599,0,5.209053925236001,34,16.9,73.9,owl_chronotype
9.999315860763348,68.41928074036056,2.859927029722689,4,4.726750768749459,34,17.7,73.9,owl_chronotype
7.4921046776390146,57.1989208637842,6.085167378460563,2,3.589367321104362,12,18.8,64.1,owl_chronotype
9.680568275425,78.08833019060997,5.031917200377937,0,4.029437759692211,18,18.8,66.3,owl_chronotype
9.765210444952013,73.99448617411609,3.947680708368834,0,5.474515993677767,33,18.6,68.8,owl_chronotype
9.434719715290155,59.06946628352841,2.380010591771209,3,7.180348409624499,35,18.3,60.6,owl_chronotype
9.723874619982347,80.74106149080978,6.802994264571378,3,6.361448992972382,26,18.3,67.0,owl_chronotype
8.074672298302248,62.46994507650579,0.8100816309060295,2,5.805226925195892,19,19.3,70.3,owl_chronotype
9.105452204586522,70.5354503230329,4.2914559590574655,0,3.947317027455104,19,19.2,85.0,owl_chronotype
10.0,78.33701596311909,5.761204959434101,4,5.536802992551142,33,18.2,76.9,owl_chronotype
9.601111619561431,69.51390152481352,4.081642194346834,3,5.027341546020074,38,19.0,70.4,owl_chronotype
9.598781473316986,75.56232148312542,3.752496601322738,0,4.738345376402236,21,17.4,86.1,owl_chronotype
9.543427267553328,75.83072743004648,7.499444399214196,0,4.638114584091556,5,16.6,75.0,owl_chronotype
10.0,66.7263355601918,4.554610120753185,4,6.172743637480549,11,13.4,56.0,owl_chronotype
8.032573027444862,58.991361015821994,0.9727444593410737,1,5.871792300337307,19,14.8,66.4,owl_chronotype
7.740125372734653,52.061666186027374,1.7606898399440398,3,6.238783639604977,12,15.5,90.8,owl_chronotype
9.115797608326888,70.32667709302814,2.86615141062024,1,3.5282803815650445,15,12.7,75.3,owl_chronotype
8.786564251439648,49.369977712911606,0.5377088923071449,4,5.0499212711222885,26,12.5,71.4,owl_chronotype
9.048115597470352,70.67159773235946,3.507970940549259,2,4.385499125517515,26,14.9,64.1,owl_chronotype
8.471627393585209,63.964999733718784,4.155867294118589,3,4.2614213687702325,23,17.0,68.3,owl_chronotype
7.113519037724482,49.8390882682695,0.6416029157750085,3,3.950242216190061,25,16.0,79.4,owl_chronotype
8.527300599864386,62.81337450501006,5.573083798565596,3,5.051880553340959,29,15.7,75.9,owl_chronotype
9.555902289290051,73.76333426665563,3.812454340534266,4,5.3642672694285105,13,15.0,64.6,owl_chronotype
9.522955225072057,72.50201269360572,1.4720042306412968,4,5.359795739705229,26,15.7,71.3,owl_chronotype
10.0,79.40098864977271,4.97234502843379,2,4.6186854615033335,32,15.9,67.8,owl_chronotype
10.0,77.75290631267366,4.981096175826298,2,6.188430856294183,36,15.3,70.8,owl_chronotype
10.0,77.65813417046122,3.1529589722718834,2,3.385827335897705,31,18.1,58.9,owl_chronotype
8.5279044443771,62.219936432272675,2.4737501535976767,3,5.156721261886042,23,17.6,71.1,owl_chronotype
10.0,76.559529245867,3.4056801611570506,1,5.943240747503081,25,14.8,62.0,owl_chronotype
9.691515276437778,80.8127338246814,4.665310989339217,0,4.791400357506035,25,9.1,49.8,owl_chronotype
10.0,68.0570312239707,4.533944755835665,3,6.280036794060722,20,7.5,46.1,owl_chronotype
9.88005262512773,72.10762099435524,2.984900648997674,3,4.397962508639982,50,7.8,48.1,owl_chronotype
7.569739213282189,57.53959274165463,5.6307494977831825,0,3.721842422413773,37,10.2,50.8,owl_chronotype
8.807694392317913,67.4792718675266,5.618547138768318,2,4.607790552816293,33,12.9,55.8,owl_chronotype
10.0,63.07172975792313,1.6543513591148504,4,4.3628660849661,25,14.4,64.0,owl_chronotype
7.706751370660651,39.83126585141415,3.1502613173567005,1,4.863088042075794,49,14.6,64.5,owl_chronotype
7.50577863332223,47.30888070094254,3.2243811666380076,0,5.74638611793522,36,14.3,66.8,owl_chronotype
8.59317657733967,61.35766498499007,3.157619133732938,0,5.524322412217403,41,14.2,62.9,owl_chronotype
8.899091452620572,66.35274668205055,5.289946976607789,3,6.652417033930002,34,14.8,68.4,owl_chronotype
10.0,62.42369146325094,0.0,1,6.239540611141955,29,17.0,65.1,owl_chronotype
9.953000584839952,69.92117252422854,1.2779997640107497,2,6.4671205830924325,25,17.0,72.5,owl_chronotype
8.476487799363195,59.73286413599377,2.6710138700631942,1,5.975100401112473,20,7.0,47.6,owl_chronotype
9.062912887780579,77.55196395734451,6.96732666476047,1,4.342453592697735,15,2.8,30.9,owl_chronotype
9.460820582230422,72.3455457403726,2.882189469614894,3,6.125886278417382,26,5.7,49.5,owl_chronotype
8.592143023478869,62.59866692188131,4.654191694880264,4,4.517586872059541,41,6.5,65.8,owl_chronotype
9.797348314115512,69.41401051242458,3.742071487624163,3,5.656888220129317,55,9.7,71.9,owl_chronotype
7.492495059272245,64.62862729886929,4.698880350351153,1,4.8478711199368245,34,6.2,48.0,owl_chronotype
9.420138818983805,76.20297425534133,4.261101082607394,1,7.538874892148099,25,6.4,47.1,owl_chronotype
8.581187566030087,77.96654389887755,4.0704584795146515,2,3.6654764024459148,16,7.4,58.4,owl_chronotype
9.03433876375675,52.082484630477424,4.089226216423312,3,5.804190288678913,23,10.1,57.6,owl_chronotype
8.868351544580328,55.552829130505685,6.480964706386201,4,4.327134904276382,10,5.8,86.4,owl_chronotype
10.0,68.58041215058421,4.093078120090739,0,7.661482359151102,9,-0.4,90.6,owl_chronotype
8.72168343304892,62.906675847172586,2.741838085547377,1,5.395346164895314,17,0.8,82.0,owl_chronotype
9.489347730079375,75.97231030509349,4.691923930608137,2,6.464132159421412,31,0.2,76.3,owl_chronotype
9.9201725319834,61.14752574105759,6.520474383455719,3,5.16156125735208,25,2.5,81.6,owl_chronotype
10.0,68.8159834900834,5.86916983163218,3,5.849013946603227,30,5.2,89.3,owl_chronotype
9.72226727967844,73.64103265315114,2.642377470214592,3,4.899060000153122,46,6.4,79.9,owl_chronotype
9.61658351780292,69.29928297510403,0.7956884793025534,2,6.194497001173717,16,1.3,48.6,owl_chronotype
9.851125530794242,69.22271443925703,5.133036540848241,0,8.177519362128233,21,3.1,52.1,owl_chronotype
10.0,80.65111738011517,3.924062771470274,0,7.12205774602742,21,3.9,62.8,owl_chronotype
9.286398387441878,71.4780984267952,5.739084607741427,1,5.222030705010439,25,2.1,49.3,owl_chronotype
8.594935521689221,74.76921893191695,4.280622878166474,4,4.159814607382715,22,0.2,56.9,owl_chronotype
9.136779035355195,66.90745084407591,3.6133205435884546,4,6.604307403518881,21,-0.2,46.5,owl_chronotype
9.471610812140058,62.87764907255771,0.3909225156831555,4,5.171424256605603,32,1.0,56.1,owl_chronotype
10.0,79.42396630129716,6.2259265524786525,2,5.940711813375365,40,2.6,58.9,owl_chronotype
8.867706458751268,64.19569891549497,3.4983662849686827,1,5.67924278428055,59,3.0,50.3,owl_chronotype
9.819310021017428,74.95199986863723,3.5220354078712237,0,3.8987547493389867,43,0.5,45.8,owl_chronotype
7.732648443064989,54.34878480612398,3.3835426313931003,0,6.584777685838798,27,1.0,42.1,owl_chronotype
9.242970384560486,68.27666871326068,4.842884630179374,3,5.920461390332439,28,-0.8,51.0,owl_chronotype
9.381767016903325,74.16483887753333,2.736123784297223,0,4.722029157684486,18,1.2,54.1,owl_chronotype
9.144480427465403,68.65642011171303,2.217274836437221,0,4.999908216998665,29,-0.2,65.9,owl_chronotype
8.85922648864225,69.0516507769829,3.43742402345459,2,6.481492338332208,24,-0.8,51.8,owl_chronotype
9.063864012481128,62.427327591109105,3.0864885418918737,2,5.945393876771098,30,-3.4,47.1,owl_chronotype
10.0,74.92651618153052,6.235425953031208,1,6.8137306970562355,52,-1.4,47.4,owl_chronotype
9.336517086184259,70.47299968580131,2.5645481566597867,0,5.018473141095463,59,1.4,60.9,owl_chronotype
9.452176986589814,60.31898533343067,1.0654910816400531,3,5.570728963466101,52,-0.7,74.1,owl_chronotype
8.391876876280184,64.9697945057733,0.853768936102147,0,6.102267708778475,19,-3.4,52.9,owl_chronotype
9.15137997891397,67.85593268247847,7.769898916440009,2,5.301025298131455,28,0.3,58.5,owl_chronotype
8.509274649680908,72.04989415271935,4.051486895228673,1,4.403483077743964,33,-0.4,50.3,owl_chronotype
9.605152668288424,73.90660517182523,6.637792022720355,0,5.362736850990189,34,2.7,63.1,owl_chronotype
8.032904339450905,70.47733241730322,2.6683017966705576,3,4.979037004628592,65,0.1,57.9,owl_chronotype
10.0,66.97914838715877,1.176270720081963,3,3.991392476427303,30,-2.6,51.4,owl_chronotype
7.7569308889942326,68.1068159405711,3.6309217944882537,0,5.1395283256145925,30,-3.0,48.3,owl_chronotype
9.619366067995863,65.16052921574013,3.0241256633458065,3,3.04135160616709,24,1.1,56.1,owl_chronotype
10.0,72.13846137551344,3.0783966470150808,4,4.660999995733861,54,5.5,68.5,owl_chronotype
8.834874162768564,60.9186292767108,2.3608498899577874,0,4.718354368226259,51,0.6,45.8,owl_chronotype
8.971407833587133,65.74638208635709,2.148382067544896,0,6.111142853850013,35,29.1,72.1,owl_chronotype
9.50362981538287,66.31596654100598,1.3680227151296052,4,5.430265221335575,25,29.1,68.9,owl_chronotype
9.311137298338336,72.57939767124702,2.0902129655965007,1,7.916469990787104,25,28.3,71.8,owl_chronotype
9.465545546185714,80.1427731510116,6.323390912123239,1,5.559836673456576,23,29.5,69.8,owl_chronotype
10.0,71.12812525119126,2.225440949860471,0,6.130548839667387,19,27.6,80.3,owl_chronotype
8.746519011609902,56.74631994134041,1.6960242550236537,0,4.93276193839349,12,24.8,91.3,owl_chronotype
9.126453864702398,69.49494658008456,3.833220264553766,0,5.576052538079048,5,25.1,84.8,owl_chronotype
9.721610233956525,73.01759451037866,6.047088577952109,2,5.80288491541933,9,26.5,77.9,owl_chronotype
9.112185401268595,79.64034673209531,5.605766246060432,0,4.005317676663502,37,26.4,72.3,owl_chronotype
10.0,90.08135725725006,7.451009990801183,4,5.859712034812818,26,26.1,75.0,owl_chronotype
10.0,71.45422278335738,3.014221315616429,3,5.6430918166175,13,22.7,87.5,owl_chronotype
10.0,86.39054567792782,6.146317120457021,2,5.2581203180484675,15,23.9,89.6,owl_chronotype
7.190828548595547,48.89532523602526,4.802648494227503,0,3.501341864538695,17,22.8,88.0,owl_chronotype
9.919543547516914,64.39644132903808,1.7842260675199393,1,4.059470871625055,20,23.9,76.9,owl_chronotype
8.706057038032437,79.58308736323451,3.4100729266701153,2,5.620085885581973,25,24.5,70.6,owl_chronotype
9.35992172504153,73.74884578021795,2.812439229354097,2,6.300900957323225,27,25.4,63.9,owl_chronotype
10.0,73.57508925949031,4.759188402091307,2,5.884431283872345,16,25.8,77.8,owl_chronotype
9.150057446725116,70.70423599094065,5.7266428295709835,2,4.667238139461378,16,27.0,79.9,owl_chronotype
9.366803421266713,76.75275513571268,4.308398258726724,0,4.201731921536325,16,28.5,69.5,owl_chronotype
8.887055650751781,67.76337366538395,5.5616015219733095,0,6.202734575546811,15,27.9,65.1,owl_chronotype
7.36374747855792,54.80609134357497,2.146114821919891,1,5.234442611915311,16,26.3,54.8,owl_chronotype
8.57939242583234,58.245558715402396,1.0706961317263852,0,3.8582471257443833,16,25.3,60.3,owl_chronotype
9.203021870919237,75.30914070863086,2.004901305703423,4,4.844239535418201,28,25.8,66.3,owl_chronotype
9.157434373161434,72.11553299513645,0.0,0,4.2012396209444445,34,25.7,68.1,owl_chronotype
9.572735953699802,68.58390132755845,2.0403977881929576,1,5.708510919000209,29,25.5,67.3,owl_chronotype
10.0,82.38056527684451,2.7056432045290553,1,5.993541164503913,28,25.7,69.8,owl_chronotype
10.0,69.54226419089613,4.174360110253243,3,5.143762005077565,21,22.1,84.5,owl_chronotype
10.0,81.5769615754056,2.945816641962452,1,4.477609417210388,6,23.4,72.4,owl_chronotype
9.346956475907108,51.79536896376225,2.7941797627251113,4,6.429620136675707,8,22.3,82.3,owl_chronotype
7.612566920392418,58.2482905405214,1.356304216725201,3,4.602437328884698,10,23.9,87.8,owl_chronotype
9.084608619631755,74.05423682608553,1.0795832369734821,1,5.265935922231999,12,24.7,84.8,owl_chronotype
8.528351070374015,58.94119810292436,3.6239546527679734,2,6.63254979938672,16,24.7,79.1,owl_chronotype
8.288163949984895,53.17329828103939,4.564154251280902,3,6.672840952818866,26,24.1,81.1,owl_chronotype
9.46096507695801,75.2089592276733,5.757278972690715,4,5.871188621954054,19,20.6,90.4,owl_chronotype
10.0,76.95279987522237,3.6547055481878257,3,6.0558605538924635,9,20.1,70.9,owl_chronotype
9.721857885831671,82.12163093233458,4.863700531255914,1,6.902339650382785,19,20.5,68.4,owl_chronotype
9.547604077729591,62.520117606694285,3.279855225405014,3,5.163180473022487,16,21.8,63.9,owl_chronotype
9.707364046683585,80.14968916944484,5.747771977918828,3,4.902922162823785,10,21.8,56.4,owl_chronotype
10.0,72.56250093903736,4.438054473814957,2,7.495662231921839,11,21.6,66.4,owl_chronotype
9.05739580814757,69.70365901772301,3.438026127959058,3,5.344034453102229,4,19.9,95.8,owl_chronotype
10.0,63.550057523469974,2.256237892751103,3,5.658582178809276,9,21.5,90.1,owl_chronotype
9.252752447103642,73.33233638112814,5.76262825793971,3,5.26658709279295,44,22.7,78.3,owl_chronotype
9.209029399084175,66.59362524155434,5.886694589707734,4,5.622353429686723,28,21.1,61.5,owl_chronotype
9.542314457208185,79.52329455330538,4.194780904887943,0,5.3834433325529885,26,19.7,77.0,owl_chronotype
10.0,81.25553347213045,5.924026544804917,3,5.499481637302401,24,18.4,59.5,owl_chronotype
10.0,79.38145162512278,5.460706606168927,4,4.079812486881286,17,18.2,53.8,owl_chronotype
9.5677803196722,60.898152937744975,1.3856452793974037,2,6.101578602466047,19,17.5,66.3,owl_chronotype
10.0,82.12137870339478,4.306627428687483,1,5.611310064160919,20,17.3,75.5,owl_chronotype
7.698785816002062,64.02819130381737,2.886797942127841,0,7.012260841754767,30,14.2,46.1,owl_chronotype
10.0,75.76097660144482,4.714224131680222,0,5.333217192037966,22,15.5,55.3,owl_chronotype
9.262113012412746,72.80662714446221,2.668052344668469,4,5.301730706081867,18,16.8,62.6,owl_chronotype
8.927297664945778,59.400893119723236,3.7454972515929286,3,3.833202570987474,9,17.1,67.1,owl_chronotype
8.47383238981685,69.00217437107005,2.785386374387815,4,3.948969586333722,10,17.4,68.1,owl_chronotype
9.473092561101117,77.83815140290243,4.441531393556224,0,5.895060840298681,16,17.1,67.1,owl_chronotype
9.633666405891207,70.40252297546427,2.8457857665523454,2,4.670431186227128,20,17.6,57.5,owl_chronotype
10.0,80.38542857081009,8.46043060824477,2,6.261232580903837,26,17.5,62.4,owl_chronotype
8.032366766640672,68.52866182207904,1.8188149640343592,0,5.51781502704517,33,17.5,69.6,owl_chronotype
8.975433314601394,68.71608950923692,5.1787747177862595,3,5.800895055491096,26,14.7,84.9,owl_chronotype
8.232391115980287,62.641018617752266,1.5194956347252204,1,5.552509555303698,23,16.1,80.0,owl_chronotype
8.700466021117009,66.12203040054034,3.1385058420981142,0,5.062903688705652,43,14.7,57.0,owl_chronotype
10.0,76.80308526026862,3.0060192850734313,0,5.990694385962757,34,13.8,55.6,owl_chronotype
8.094159412245771,62.54512129206711,3.4774399847275217,0,5.552784898009135,31,15.7,67.0,owl_chronotype
10.0,79.14212468822424,6.372520064330136,3,7.449072160511049,26,17.0,82.5,owl_chronotype
7.790457364154056,61.38477636285685,2.440784676271421,0,5.450387627040127,19,11.6,46.9,owl_chronotype
8.342459120772062,66.52950012197398,3.718098503358749,2,4.545885868440208,16,10.4,54.8,owl_chronotype
8.65313603693747,72.67819512066109,4.580364417003954,0,7.766963593921159,22,12.5,67.3,owl_chronotype
8.870171612320764,64.24586957892339,3.6743857682726744,4,6.902300360561012,26,15.2,73.8,owl_chronotype
10.0,67.8643446987633,3.0904419777252783,1,5.44459850470841,31,15.6,78.5,owl_chronotype
9.284595160072046,72.26582114556304,4.554540876488213,3,5.218905980467937,34,16.6,78.6,owl_chronotype
8.511559212020579,62.232302320092565,4.06831333154761,2,6.320269330735735,43,17.2,79.4,owl_chronotype
9.285382642699656,65.9922724685287,3.1713543152170054,4,6.273026881878096,26,15.7,71.1,owl_chronotype
9.96465706644816,68.58401142807766,4.067760456508085,3,3.5918448251361905,35,14.2,62.9,owl_chronotype
9.192383826054275,64.24478191911368,3.104999284461421,1,3.388260162306794,28,14.9,61.6,owl_chronotype
9.754377535012203,72.9136448673163,0.20359620456081995,4,4.8380010057658165,39,15.1,72.0,owl_chronotype
10.0,84.97269631238584,5.6778476747147835,3,4.405277497009614,47,16.5,76.0,owl_chronotype
8.72390754043982,54.84376491880694,3.424832516770835,4,4.983479867267835,49,19.0,81.8,owl_chronotype
10.0,63.292359523292255,3.750421919511813,0,4.7106291043644,39,20.8,70.9,owl_chronotype
9.613156903710387,85.28404781828499,5.427906252708101,1,5.441623315245599,33,19.5,83.3,owl_chronotype
7.5908746168121715,58.034738230317984,0.0,1,3.039947094322428,43,17.4,75.5,owl_chronotype
9.390755320060329,73.47905794427462,6.523923881961084,1,4.208595723095424,12,17.3,87.0,owl_chronotype
10.0,62.509865739824626,0.24010905785933367,2,6.485963047172063,19,13.3,84.9,owl_chronotype
8.552120005848424,63.19349278071966,3.967886626797215,3,4.273153822968331,20,5.8,62.5,owl_chronotype
8.876577092563252,70.89587871843356,4.598310559544181,4,6.613446603554658,24,8.4,55.1,owl_chronotype
9.81245317653937,82.08003886721768,4.123423080080327,3,5.559888772158408,28,11.4,73.1,owl_chronotype
7.4857137523494215,52.926420550505966,2.637573532073535,0,5.69310684018784,16,3.4,53.1,owl_chronotype
9.05862271763687,67.05040149658612,3.7124359893740193,0,7.072481849643108,18,1.7,47.9,owl_chronotype
9.729026207697537,76.3065735430728,5.092847119251949,2,4.353806959160662,18,1.2,53.8,owl_chronotype
8.70573983949476,64.41857204054688,1.1500218014744648,2,5.345436726776269,22,2.0,54.0,owl_chronotype
8.939057410718611,74.82804160448933,2.8778445763013663,2,4.992309484450861,26,5.0,66.1,owl_chronotype
8.864664443764783,61.21918693511903,1.0439020492023219,2,5.783697068244376,43,7.0,71.4,owl_chronotype
10.0,75.85954444597755,3.7726982961556166,2,7.3091083778949075,47,6.6,85.0,owl_chronotype
7.676112896820955,46.104787014468215,0.4953936551570095,0,3.3108038585541335,18,1.6,59.3,owl_chronotype
8.997333314635647,69.75358334130536,5.976260172174922,3,5.552190864291577,21,0.6,58.9,owl_chronotype
10.0,71.27884008094877,3.088739925999603,1,4.1959029808469195,40,5.9,68.3,owl_chronotype
9.478104902595446,74.49057997905037,1.5431314366284954,1,4.70231236143343,30,6.2,58.4,owl_chronotype
9.908888034459753,67.06388753366505,1.05525977453278,2,6.184435161188432,33,7.4,59.6,owl_chronotype
9.262833841939495,68.0909978420357,4.053120222738363,2,6.849449474130883,41,9.5,68.1,owl_chronotype
9.736261001621623,60.667436464346856,5.313381923936455,0,5.509725504809275,93,9.9,71.1,owl_chronotype
9.476337863604572,70.72372240132917,5.841627709056329,2,6.006970571772398,16,-1.5,51.8,owl_chronotype
10.0,71.08350171563414,4.844661256626105,2,7.041135814388733,18,-1.3,42.8,owl_chronotype
9.169292898405867,61.76299430639453,3.6037327042959837,0,4.6359613388507075,24,4.0,43.6,owl_chronotype
9.930192474633158,82.27845876257173,5.059530825368704,3,6.379744302146227,42,6.2,82.9,owl_chronotype
9.312680065656147,70.85852856717585,2.3658725838937675,0,7.12574375464148,31,1.3,58.0,owl_chronotype
8.229313353804782,57.99541525232073,2.9622637207733096,0,3.3724447246414213,17,-1.4,59.0,owl_chronotype
9.871820369458119,77.81376680652919,5.025027724733757,1,5.969592557163513,18,-4.3,48.5,owl_chronotype
9.920272608145313,64.8680401622312,1.5767618456785186,3,6.057264131060992,22,-3.2,55.3,owl_chronotype
9.920492371461938,62.4287903781037,4.141783358652162,4,5.0052201649401,35,2.0,60.8,owl_chronotype
8.126805609833923,52.14335596897908,2.3353146271029424,4,4.158297059093456,38,0.8,56.3,owl_chronotype
9.185340202313572,74.95338269741562,4.118970080020151,0,5.948955075663149,43,2.7,59.5,owl_chronotype
8.933829678630499,61.69311952476837,3.9196982551389326,2,5.66234117673634,43,6.8,55.4,owl_chronotype
10.0,69.07481043468653,1.6096705259340551,4,5.35272338067329,67,6.1,76.1,owl_chronotype
9.841811752779039,66.20404781565611,3.4133577721681148,4,6.106165047764248,62,6.6,64.0,owl_chronotype
9.048772379191014,72.2096227240346,3.516387068577597,3,5.137261923458175,80,11.2,73.4,owl_chronotype
10.0,62.85432785116691,4.669752795611089,4,5.432679928141064,72,13.7,82.9,owl_chronotype
10.0,71.42970609987188,5.186679558399064,2,7.024164119302972,78,11.4,67.9,owl_chronotype
10.0,62.52426319783435,1.441635084592947,4,6.3941318532957565,4,8.9,82.9,owl_chronotype
8.098871077101855,55.18785372795458,3.8923710894427,3,5.256395209076362,7,5.4,75.6,owl_chronotype
9.922759060181507,63.85379536751975,1.9864214751551041,3,4.919208538801472,12,6.8,74.1,owl_chronotype
10.0,64.48017685276122,0.6519851371391092,3,7.003800005835456,8,7.6,85.8,owl_chronotype
9.25857125021808,75.31007192036891,2.4777090111231295,0,3.7517074856614174,6,4.9,95.4,owl_chronotype
8.20447515506666,61.568996995366376,3.68826229186746,3,4.7371576192522795,19,-4.1,68.9,owl_chronotype
9.543488426580112,62.23435357573769,3.100633121291649,0,6.381175744716839,13,-9.8,48.9,owl_chronotype
8.673550021934103,59.70721928005233,6.29761165358094,0,6.322137329178817,13,-7.7,45.1,owl_chronotype
10.0,66.62053269658955,4.5541262013345865,3,5.3518380265086885,24,-3.7,63.1,owl_chronotype
8.779969803280064,74.56512844067267,4.167054663978193,1,5.325076466069396,41,-7.4,64.1,owl_chronotype
9.75950747663376,67.90248001689564,2.935527581363691,4,5.414603404723417,20,-11.7,57.4,owl_chronotype
9.32975529176521,55.75803351571684,0.24210842271007138,3,6.471866891896969,21,-11.6,51.8,owl_chronotype
10.0,76.46524570916455,2.34283229409049,2,3.2917812803979163,32,-6.8,53.4,owl_chronotype
9.497112153619273,69.5046095649262,2.7975853302906803,3,5.07612817321573,37,-2.2,73.4,owl_chronotype
10.0,61.53323840174832,5.3553993664161865,0,5.200730925371959,43,-0.7,80.8,owl_chronotype
9.756746149709455,72.50473736307761,4.11513935530351,2,3.8994235644086315,51,1.9,72.9,owl_chronotype
8.39660580012301,55.240608156656734,2.110384193974363,0,6.852086311983042,83,1.5,76.6,owl_chronotype
9.503215614561903,72.17412226935949,4.295458718705516,3,5.959062760504281,54,1.2,69.5,owl_chronotype
8.631508965198874,59.13359747273182,2.9807746123502774,4,3.3131022770276997,45,1.3,71.0,owl_chronotype
10.0,55.351956017437786,0.44734878319197513,4,4.502820641419653,39,0.6,92.0,owl_chronotype
10.0,76.8007336099709,4.167011923056268,0,7.994214930453431,22,2.1,95.5,owl_chronotype
10.0,68.63407692052307,3.2752537102917034,2,3.8444345810076106,22,3.3,83.4,owl_chronotype
10.0,67.27426934353313,4.192051984969629,4,5.182710576651579,42,2.9,72.6,owl_chronotype
8.958312949481213,63.99355304079806,2.3126242976544735,2,4.912374206875008,42,1.8,80.4,owl_chronotype
10.0,65.20471391574964,2.5833262597380102,1,5.7964831004655935,56,1.4,74.3,owl_chronotype
7.630030990720104,56.71727002472511,1.7962138911964907,3,4.289014294890706,89,5.0,77.1,owl_chronotype
9.73411652004662,64.68369108857934,2.9663955624617055,4,4.374734008043126,25,0.7,63.9,owl_chronotype
10.0,64.0027708379327,6.022639512637916,3,5.536562329763426,24,-4.4,57.4,owl_chronotype
8.633618240306799,62.370385126439544,5.21347003418501,2,3.8284987336720224,23,-4.7,57.8,owl_chronotype
10.0,65.92586743323731,7.41863869958271,3,6.684472751907225,30,-0.6,84.0,owl_chronotype
9.49828668897611,66.32990495251461,3.818984868609385,3,4.978120012675239,70,-1.0,85.9,owl_chronotype
10.0,71.27226348726235,3.7060682991481078,0,6.986085385200186,68,1.7,80.6,owl_chronotype
9.1026167955417,59.39947090224797,4.956378531684985,0,5.70187882654498,59,0.9,61.6,owl_chronotype
10.0,73.28074276958573,4.302465953852015,2,6.05315992286093,24,0.4,44.3,owl_chronotype
9.951169460760909,69.70965287094697,2.448947732348895,1,5.356448916748867,34,-0.6,74.5,owl_chronotype
9.262265605487062,74.86224859116872,5.279147765882125,2,5.065532528352573,22,-3.7,51.3,owl_chronotype
8.864234337693638,68.18848994855337,4.260078460380827,0,4.581556911489006,31,-2.1,49.8,owl_chronotype
10.0,71.00435215649372,1.7314518436880024,3,3.9418208722017445,36,0.6,78.5,owl_chronotype
10.0,76.6797998548059,4.006164021454738,2,6.157952293361964,27,4.5,81.5,owl_chronotype
10.0,79.97275801299251,6.324295608735062,3,5.866981710715096,13,5.4,65.4,owl_chronotype
8.683368312243616,59.29182094817811,1.9805150928633792,0,5.351660474497745,4,3.4,69.5,owl_chronotype
10.0,72.77890208579599,4.684497255204306,4,6.571141231023655,9,1.7,75.8,owl_chronotype
9.131592492670288,74.63424967500033,4.153361352226717,3,4.681934765890415,34,-8.7,65.6,owl_chronotype
8.510979921969554,53.56392139562452,2.648854887106457,0,4.019038108768909,23,-11.7,53.6,owl_chronotype
9.312102343701358,61.190272675378814,4.165608599988992,4,5.968517569711912,23,-8.0,52.0,owl_chronotype
7.692149625384525,56.07606570413664,5.267419372593926,0,5.755662627294406,23,-5.3,47.8,owl_chronotype
8.991099572539293,71.37474253072119,3.714081110328053,1,2.988125023391898,33,-1.7,62.5,owl_chronotype
10.0,66.20057738556156,3.59829469069373,2,6.538038565684682,50,-0.5,70.0,owl_chronotype
9.27586775796046,71.87527239769175,5.910940971688318,2,6.378437668409663,31,-1.5,62.3,owl_chronotype
9.60866714866193,49.99529670160862,3.3761259490571205,3,4.667264087304762,44,-0.4,66.6,owl_chronotype
9.881767579882002,76.13923278879312,5.038510680037259,1,5.308993492824018,59,1.4,59.3,owl_chronotype
8.431009318144014,68.26362357554315,4.147292853453417,3,3.9268841922436266,57,4.7,54.1,owl_chronotype
9.30886293664913,64.9206859918901,5.3410617653570265,3,4.816383910557437,86,2.4,64.9,owl_chronotype
9.823786781208542,64.70673522905933,1.7018333695150525,4,6.241009116296922,38,3.1,65.5,owl_chronotype
10.0,71.64546560145405,4.410836593846223,3,4.79273048928983,33,4.7,63.9,owl_chronotype
10.0,65.14334871534636,3.4184909493081883,3,7.295845116328743,23,7.3,60.9,owl_chronotype
9.349808991654058,60.345879185655875,3.8043589238462,0,6.2504302980269335,6,2.7,81.8,owl_chronotype
9.996838021291605,72.0931219158715,6.719051353270286,4,6.095089504986075,13,1.2,83.5,owl_chronotype
9.521056371655213,65.07578426256597,5.81368222167495,2,7.098122601924884,33,0.6,76.6,owl_chronotype
9.323552957214295,57.800143407456844,2.7613353295769647,3,4.622445807513481,39,0.6,66.9,owl_chronotype
9.294882806388209,81.3872776825309,3.9967314650801544,4,4.186245869848801,67,1.0,70.6,owl_chronotype
9.387702643383552,73.60107951568642,5.46575082563504,0,6.070921149823999,67,3.5,62.8,owl_chronotype
8.686868187426095,59.53764985994896,1.18484255606892,0,5.740532042978859,69,8.2,70.6,owl_chronotype
9.276700747352116,79.00731895271025,3.201380214245842,2,3.96317226948402,53,12.9,76.4,owl_chronotype
9.108169495037812,60.0697616007962,2.962269969377293,3,7.117546708072688,22,4.5,89.9,owl_chronotype
10.0,86.66114390275962,5.7737214472887555,3,6.327907725284761,23,2.3,72.4,owl_chronotype
10.0,71.41339419137984,3.001364821607623,4,6.1134917169887615,42,4.4,73.5,owl_chronotype
10.0,73.36695982507531,2.655884846878875,4,4.4222453054250295,39,6.2,81.4,owl_chronotype
9.971214037409835,79.75732134561522,1.679684596491861,2,5.478543245431637,12,9.1,95.8,owl_chronotype
10.0,80.86748717845045,6.470932795247464,3,6.357451998181817,29,4.3,86.3,owl_chronotype
9.6675167499092,77.17232644091449,5.405242817751651,3,4.645445938873389,3,1.9,92.5,owl_chronotype
10.0,66.70529026050417,1.762806827028744,2,6.253683935997433,4,0.2,84.5,owl_chronotype
9.402640145005284,68.7170192667597,3.934424248247197,2,5.836787139959473,8,1.8,68.8,owl_chronotype
8.38322717564476,60.862211912766334,2.5255160063602826,0,4.5699150783600695,13,2.0,68.6,owl_chronotype
10.0,62.34218712767267,0.6912379005060787,2,8.481560798344429,10,2.8,80.8,owl_chronotype
9.136788244231855,70.13310040179294,4.913522310041833,1,4.8541481602443035,30,3.8,65.3,owl_chronotype
10.0,71.58902641425063,2.4855826226585007,4,6.365510100046575,16,5.3,52.0,owl_chronotype
9.39815251845655,63.490119148827915,5.599112360135253,0,4.525769283801796,31,6.4,59.5,owl_chronotype
9.777898917896033,58.9467465928806,3.620428665000739,3,7.021597904724947,54,4.8,63.6,owl_chronotype
10.0,65.6168695331803,4.8597044537525305,2,7.005890573038435,36,-4.1,38.9,owl_chronotype
9.67960470006003,60.05317823796945,1.8697888717883084,1,6.959977821357002,33,-0.5,60.4,owl_chronotype
10.0,72.52751116798817,4.544568499053574,4,4.369656366848016,112,4.0,71.5,owl_chronotype
9.390361461498498,80.91469732607585,4.071072421829431,2,4.817689745984219,69,5.4,45.5,owl_chronotype
8.381365341183551,68.72133992653374,3.600930591550286,0,5.886075708600473,41,8.0,45.1,owl_chronotype
10.0,74.15840380791823,1.8821174570194306,2,6.126379936071289,12,6.2,58.8,owl_chronotype
9.851848209364048,71.93375327786974,4.396874215720669,2,4.508718894391478,28,3.9,62.4,owl_chronotype
10.0,64.90586691025429,2.543759032781356,4,6.148565108530375,41,2.1,50.6,owl_chronotype
10.0,70.97038962708729,5.226772630271087,4,5.9646643138564155,32,2.0,50.8,owl_chronotype
10.0,68.30305296234302,2.844293927973209,3,6.55762712646815,30,4.2,54.0,owl_chronotype
8.968691845522157,55.300738069662565,3.4798897769937,0,5.820035978445898,34,6.2,62.3,owl_chronotype
10.0,64.64114684302046,2.195461022604814,2,5.116812803974089,28,6.6,78.0,owl_chronotype
9.101999667262591,64.65137578719214,2.013497218582478,4,4.125821558864297,44,6.5,57.6,owl_chronotype
9.783452465731436,67.16710344728267,3.5957180171441876,1,7.689472601348825,59,8.5,58.3,owl_chronotype
8.768949781781217,54.407907137254625,2.3101985499024313,1,4.629710205326213,50,8.9,68.5,owl_chronotype
9.224282063370598,68.34138760265809,2.4599462505963396,1,3.372173836445631,51,10.9,54.5,owl_chronotype
9.27077237814582,79.68067394988657,1.9646975613700914,0,6.162178928204206,96,8.8,48.0,owl_chronotype
10.0,73.5711960146769,3.2593573899240074,2,6.247433291389073,18,7.1,28.6,owl_chronotype
9.422296372905155,73.89819752967556,6.580109848897887,1,5.283323746239042,49,6.7,60.8,owl_chronotype
9.910515692816785,72.09538368573166,4.069194352623212,4,6.467882396182308,39,4.4,46.5,owl_chronotype
8.844898614022837,66.89057942493281,4.3241268660708245,2,4.976356755405861,33,5.0,46.5,owl_chronotype
9.00908411887441,75.89697621469466,3.2937573550385464,1,4.6097630901783475,41,10.4,57.0,owl_chronotype
9.444527902469586,74.16008093401966,4.274387676412716,1,6.423215690135649,59,13.0,66.0,owl_chronotype
8.999242120140869,70.56877049842579,2.75607347479612,1,4.122471099788513,29,16.2,42.5,owl_chronotype
10.0,78.66589366847674,4.605528087905223,3,5.951584519013184,16,10.6,63.0,owl_chronotype
9.284158196715941,62.54823989176189,2.5815779970804256,2,7.35044473756844,5,7.4,77.3,owl_chronotype
8.944386611139771,65.8326388173049,3.2780177799886387,1,4.907090246057741,23,10.4,68.4,owl_chronotype
9.845410635628554,63.20545163906594,2.534700500418662,1,5.907272608059081,24,10.3,81.8,owl_chronotype
10.0,65.23930142318724,3.497105249495431,2,6.67826541472896,239,7.6,73.0,owl_chronotype
9.075157065071958,61.489711167381486,3.344342909589707,1,5.33658210295539,89,8.8,56.5,owl_chronotype
9.77386125311371,82.37033498779503,5.665717758067795,0,5.012275437188391,38,10.6,39.9,owl_chronotype
9.85447807775526,82.18423144149676,5.16153428237976,3,5.7742310441254725,38,12.2,32.0,owl_chronotype
10.0,79.28913017856306,4.098777430971052,2,5.521915414373879,48,15.4,37.5,owl_chronotype
9.090403612091922,73.81528704930194,3.6717468673060125,0,5.138503626617432,40,16.6,55.9,owl_chronotype
9.762497499259299,70.7399428314031,5.062414185102785,0,4.275669759567391,29,15.5,52.1,owl_chronotype
10.0,81.7822857541258,3.476263441892379,2,6.28898398634219,39,14.0,51.3,owl_chronotype
8.317677858543657,60.527991456555874,1.8045167910660513,4,4.27123218720595,66,12.7,48.6,owl_chronotype
9.011153821648966,74.80310121763611,4.835354167474404,0,4.664640257757073,54,14.8,33.4,owl_chronotype
9.95026607348121,74.71382845020702,3.7221157123786233,0,5.320580008934078,51,16.2,46.5,owl_chronotype
8.416248201996096,67.38649345120629,4.046877786635001,1,5.608852725137738,37,15.3,32.4,owl_chronotype
9.138552284115226,69.28964680038295,2.8291740480121437,4,5.165681418050089,40,13.8,62.6,owl_chronotype
9.60043180567933,77.81812488425145,3.1682416271290523,1,6.244952001911656,47,15.5,61.0,owl_chronotype
9.438500699336032,70.46679891037759,2.1693552849501456,4,5.174445942863051,48,17.2,59.6,owl_chronotype
9.059363644671018,70.34005607109731,4.2229545936737845,1,4.826240786880556,37,19.1,52.4,owl_chronotype
9.617787863830971,80.25907931002176,4.4743343632459665,1,4.176870032706317,41,20.8,47.1,owl_chronotype
9.738107601974102,84.44746182604443,4.97246610591788,0,5.72028545108181,20,16.0,77.4,owl_chronotype
10.0,71.72318793039021,6.4207862718210835,4,5.441923310578357,71,13.3,82.6,owl_chronotype
8.958695665703278,69.81573825033618,3.3370323797383206,1,4.078663749928046,139,15.0,65.3,owl_chronotype
9.94676200346351,70.26707491610696,3.7043921110966265,1,5.609846126388794,116,17.3,53.3,owl_chronotype
9.733235758395272,73.12265783045555,3.42088850134978,4,6.005365838314651,91,17.6,51.8,owl_chronotype
9.629282512444533,62.042607480128694,2.7886566965750665,4,7.136293973556839,64,14.9,77.3,owl_chronotype
10.0,75.7018658989003,2.872334434185807,4,5.580940670460061,13,17.2,65.5,owl_chronotype
9.670977325868941,69.99094058319204,5.7492980729444,0,7.013161524208576,29,18.8,49.4,owl_chronotype
8.320254793717515,64.31828719837628,1.278400589525552,1,4.506511846130929,19,17.3,55.0,owl_chronotype
9.013224289137593,62.656299477832945,4.5467808597905055,3,5.171484782009057,10,13.2,80.1,owl_chronotype
10.0,65.74355210373348,2.111732506415998,1,5.519319036525718,28,14.4,75.6,owl_chronotype
9.895023602431742,77.28561163390975,4.884355786491248,1,5.272015623762866,64,17.8,61.1,owl_chronotype
9.081462611990933,69.77668831901856,0.8196187965371311,3,5.680105003673907,45,18.2,56.4,owl_chronotype
9.736654794540057,69.95851420874357,6.599661633624287,3,5.1346546595744,35,20.7,53.5,owl_chronotype
9.192827652252722,75.6978591352682,5.971197876664662,1,4.30900304732912,41,20.9,48.0,owl_chronotype
10.0,73.87587238957377,4.10369384676705,2,5.634723872592559,58,18.6,62.5,owl_chronotype
8.185205720042541,77.55719145200145,6.830695100621579,3,4.3507115511328305,24,18.5,46.0,owl_chronotype
9.957839473935918,87.0721204568409,5.073584283324975,4,5.737970315171986,34,18.1,48.4,owl_chronotype
9.702094214086777,76.40613282200182,4.67797025818324,4,5.180821901490475,45,19.7,46.9,owl_chronotype
9.534489507027276,62.836520059015854,3.8199594358614823,4,3.8751495335768356,55,21.4,44.8,owl_chronotype
9.98117787515005,72.97718440169885,4.139534705403664,4,3.474459504211182,25,17.8,87.4,owl_chronotype
10.0,80.9857732983534,2.917331510161131,2,4.838293121312058,9,13.9,92.9,owl_chronotype
9.125343347854834,75.25792262372428,5.543274279922926,1,4.391358451417272,21,13.3,77.3,owl_chronotype
8.219519555979572,61.898250677737316,0.0,1,3.394185633994379,20,14.7,58.8,owl_chronotype
8.456433430693199,67.0225948934792,3.1774539929120573,1,6.864753974656818,30,16.1,63.6,owl_chronotype
9.921854054757192,74.78842695035816,3.4673828024173305,2,6.1481466322419625,30,17.9,55.6,owl_chronotype
9.697317841194588,72.35461029537649,4.219051732915146,2,3.6836780229778814,18,17.0,80.0,owl_chronotype
10.0,80.18078332483266,4.0878399699866526,3,6.11384432287233,68,16.6,65.0,owl_chronotype
10.0,82.8261385063422,6.51450480256633,3,4.413658469734196,28,18.3,51.9,owl_chronotype
10.0,74.84773161694,5.002401137618918,4,3.986332915605016,27,18.8,43.3,owl_chronotype
9.526621431386731,67.93808073863168,3.1423745226200834,4,5.003729810528233,21,12.6,74.3,owl_chronotype
9.450285190497869,77.80164888146751,5.368666798654139,1,6.590637382697736,15,13.7,61.3,owl_chronotype
10.0,65.05900463810082,3.861530552259998,3,4.927756465536956,44,18.3,63.6,owl_chronotype
10.0,70.27519608815956,4.855993465013921,3,6.998914327256616,26,20.7,65.3,owl_chronotype
8.633523041164167,73.44412910983048,3.467002429240582,1,3.8741943767337457,23,21.5,63.1,owl_chronotype
8.66465318536963,67.33647961334097,1.332180029188267,3,3.595945337053114,29,19.4,75.0,owl_chronotype
8.533260433734286,64.09469053791598,3.8685402070935635,1,4.250638190031841,43,21.7,68.1,owl_chronotype
9.483652660042843,60.04947192485027,2.798235357924634,2,4.822101179581004,61,20.5,68.9,owl_chronotype
8.481760042416344,70.2918479760757,4.55847147400432,0,4.858316531532809,32,20.2,67.9,owl_chronotype
10.0,73.03770044401706,3.9746117663820435,3,5.476926421252948,34,20.1,75.1,owl_chronotype
8.816677338069406,68.44545291542407,4.448212014879687,0,5.2513848301941675,31,21.4,62.8,owl_chronotype
9.24760295558694,70.92419795420848,4.643580565777137,1,5.635505558578192,25,19.9,74.3,owl_chronotype
9.006621849311927,61.06272756541795,3.403868556286111,4,6.370624960530112,25,18.5,63.4,owl_chronotype
10.0,83.85321356224347,5.5142117318694,3,4.571018636591873,15,20.4,54.8,owl_chronotype
10.0,88.77180013897697,6.138794844022922,1,5.743996243372855,24,21.2,51.6,owl_chronotype
8.856378044215347,74.77179440359545,5.227758347308136,3,3.968925503187395,25,20.7,49.1,owl_chronotype
9.558138579996566,75.07635016692899,6.0793890182158545,2,4.940398660825024,23,20.4,60.0,owl_chronotype
9.925864064667687,75.51909776562967,4.5501198747853415,1,4.9787071358049335,27,20.7,61.3,owl_chronotype
8.107891965469399,68.42145642049104,3.210494461045511,0,3.816702337516512,20,20.4,51.9,owl_chronotype
10.0,88.51153860350288,7.6933014007921114,4,5.918003061113832,13,22.2,47.4,owl_chronotype
9.948095469724194,73.2705769874405,3.3876759934948697,2,4.558820293013086,16,22.8,42.1,owl_chronotype
10.0,81.71752343068326,3.200549628536255,3,3.9248211513440943,37,23.6,53.9,owl_chronotype
8.146022008269094,71.41481899896212,5.002682870349007,1,3.6004679635014103,41,24.1,54.3,owl_chronotype
10.0,59.03547769561329,3.0075372003878,4,6.138222145636137,29,23.1,54.3,owl_chronotype
10.0,73.23550564019966,5.790047549115183,2,6.940360136698281,23,20.3,79.5,owl_chronotype
9.404880174668971,72.05826668117565,3.290528998974588,0,5.278824114443159,29,22.9,68.9,owl_chronotype
10.0,79.04386601178938,6.218945418591778,4,6.86755958096616,46,24.7,66.3,owl_chronotype
10.0,76.03733096652545,5.819837411068394,3,5.340537033729239,64,25.4,62.4,owl_chronotype
8.641167493457848,56.111193487602954,1.8065780036679984,3,4.7074040737642475,30,24.8,60.8,owl_chronotype
8.56210440431391,63.8842459016623,3.0351744705752486,0,5.459703450457551,30,26.4,51.4,owl_chronotype
8.555251101193925,70.68029047860126,3.171943009572025,2,4.090959749141869,34,26.3,56.0,owl_chronotype
10.0,68.77490617811654,5.063936815868749,1,6.981583758988641,26,24.2,72.3,owl_chronotype
7.303004474647663,60.47102229522451,2.1530159004468636,4,3.475209115569732,20,24.3,58.4,owl_chronotype
10.0,71.20453287253571,4.781624384632295,4,5.288761072563946,20,24.8,48.4,owl_chronotype
10.0,91.78666959496701,5.1469881791150165,4,5.760708794240931,26,26.0,59.5,owl_chronotype
10.0,78.96841374291208,3.493662116433641,0,4.267763899350436,37,28.8,54.3,owl_chronotype
10.0,78.44683522265262,5.01352908836498,4,5.704567477107025,40,29.4,45.1,owl_chronotype
9.39217588600513,71.8387438487191,6.955025276411241,4,4.01281568021701,34,28.1,49.8,owl_chronotype
7.806154241406104,67.14797257917392,2.780603040015681,2,5.040431491196331,28,24.2,80.6,owl_chronotype
9.751822415078577,62.688837116505724,3.2534949872213375,1,4.246064875341249,13,25.1,79.5,owl_chronotype
10.0,71.14694825324992,0.0,3,6.540177558303277,54,24.3,70.4,owl_chronotype
9.013550249196742,83.69634986052344,4.598875629687044,3,3.993340558906228,19,22.9,61.9,owl_chronotype
8.745564954852739,69.97005622445478,2.8610912837021125,2,3.8613728744056077,24,24.9,61.0,owl_chronotype
8.613045111458977,79.33909524373713,2.0080326432032214,1,6.234686463649717,27,26.3,55.0,owl_chronotype
9.002421619013447,65.62755033781842,1.4284847972943981,2,5.8004281438215575,37,26.6,54.6,owl_chronotype
9.019093659395152,70.58148807141974,4.354934450410294,1,4.678276178563594,29,26.7,65.1,owl_chronotype
8.864602869956194,68.43266729587197,0.9614937723991415,2,6.284546358141653,18,23.5,88.5,owl_chronotype
10.0,84.09103134185314,6.775385864478114,3,7.027916197079453,24,26.3,69.1,owl_chronotype
10.0,69.97400153634513,5.3523398888841,1,5.720481739804243,16,23.2,90.0,owl_chronotype
9.58319051079241,61.481408842020336,5.405069521748182,4,7.334843835473714,25,24.7,80.3,owl_chronotype
10.0,73.29373911081873,0.8050425155707055,1,5.182495359066438,40,26.8,74.8,owl_chronotype
9.128213204626306,56.289528169684246,3.186162940478181,3,6.37049927592304,18,23.4,80.5,owl_chronotype
10.0,63.4290606979643,3.7496455907238877,0,4.9689617680217895,28,25.1,84.1,owl_chronotype
8.888234720778527,66.91298630705334,5.347647288411393,1,5.165716097481984,21,24.4,85.1,owl_chronotype
10.0,71.33704497709144,3.0861706025237066,3,4.0590510244579825,10,23.8,93.4,owl_chronotype
9.847769776183357,67.25790904082425,4.23536342784284,3,5.333043433723059,13,24.5,86.9,owl_chronotype
8.398868696628746,73.00818913525235,6.01726723593373,4,4.583359336801416,11,26.6,77.1,owl_chronotype
8.789461405116638,61.52812769090494,4.667199467160564,3,4.690604218829336,35,25.7,79.6,owl_chronotype
9.562677024433729,65.74167961987553,2.496611308758111,4,5.36280188013157,36,25.6,79.5,owl_chronotype
9.677893255638686,63.70084851218435,1.3363783698474627,3,4.8041038436645,47,28.1,70.0,owl_chronotype
9.486292034070855,72.72433223389442,7.766755891457546,3,4.419795484540013,30,28.4,65.9,owl_chronotype
9.618647014312653,73.36422782961976,1.287281858256625,3,5.543960366183422,9,28.4,64.6,owl_chronotype
9.362614218166224,69.51637613986179,3.73777642219286,4,5.63170633325719,12,27.0,78.4,owl_chronotype
9.218590856276109,73.70332159874634,4.713172087418217,0,5.421887556670582,9,25.4,91.6,owl_chronotype
8.972898366433691,75.73567439260914,3.6193304280985776,1,4.840127553881814,8,24.3,95.3,owl_chronotype
9.405051123545874,56.897267194113454,4.4750170730334595,4,4.988693667115814,24,27.0,80.1,owl_chronotype
9.980693131703529,73.15371592339557,2.9691086810805767,4,4.069373298894958,15,27.2,80.4,owl_chronotype
9.205768687018653,67.53161069417378,1.5751092884034956,4,2.9812656222098894,18,26.5,83.6,owl_chronotype
8.642362201092837,71.06168799652872,3.6639356124490066,0,5.3132923163432135,13,26.6,89.0,owl_chronotype
8.797786336501137,64.63204840733835,5.608178494096783,4,5.413289730640594,11,26.4,87.9,owl_chronotype
10.0,58.40182622963792,3.102893244452027,4,4.955763738532854,14,28.1,85.0,owl_chronotype
8.93818063191652,66.99812564081071,3.5354853084957227,2,4.544423164963181,20,28.8,79.8,owl_chronotype
9.119254865059439,72.56617625118541,2.9571942205531183,1,3.170085559120881,14,28.7,81.9,owl_chronotype
10.0,78.25868414577751,4.440149338981602,1,5.743702150034401,15,28.9,83.6,owl_chronotype
8.724290714035616,67.36812941891665,1.2818768154366667,1,6.7401671489230415,16,29.2,76.0,owl_chronotype
8.227037997875254,68.4941537471725,2.6568801440912226,1,5.379476160148887,22,27.4,84.0,owl_chronotype
9.127841287844532,71.54670211944276,2.605470132159195,4,5.838352773454952,24,28.6,78.8,owl_chronotype
9.576900481458397,66.76015405594757,3.93701389236273,1,5.022355874412156,16,29.4,74.5,owl_chronotype
8.867528031845785,60.66773924185758,2.2372613771694887,0,4.947701870581325,18,29.9,75.5,owl_chronotype
9.787358135121794,72.30525216306556,3.8576188710968973,4,3.9720248472714386,26,29.6,79.4,owl_chronotype
10.0,84.46132299425567,4.344743731834376,0,4.5968434572418335,34,30.2,75.0,owl_chronotype
10.0,73.54510240559031,6.817354404751165,3,3.7201750093009927,29,31.8,69.3,owl_chronotype
9.138878946880006,62.91194405557841,4.041982552733268,2,3.6449054061056545,28,30.0,75.5,owl_chronotype
10.0,66.40813439006625,2.0847504488890296,3,4.796669591824372,14,29.5,74.8,owl_chronotype
10.0,80.14210541511386,4.356651567719809,2,4.2523247350432944,17,29.6,72.0,owl_chronotype
9.029213628540123,66.06082822772498,0.5839515962780286,3,4.870355249532819,19,28.5,77.5,owl_chronotype
9.190251643711283,66.01757345767359,3.368068370015493,0,4.293113879342583,26,29.3,74.1,owl_chronotype
7.419609004118069,53.45284204313156,0.9052266345717426,2,4.88051162032942,31,30.0,70.8,owl_chronotype
9.642711216549763,80.17900297154547,6.065267249325665,0,4.83691987653672,27,30.8,67.8,owl_chronotype
8.731880702805606,61.48350261522244,0.2626549198342829,1,7.040982055071736,27,31.1,70.5,owl_chronotype
9.182284423690836,58.017984979930375,4.357511066335915,0,6.519765181650317,22,31.3,70.0,owl_chronotype
10.0,65.69080679934964,3.3567236023246547,2,5.2237091919650815,24,30.0,73.0,owl_chronotype
9.194884515913438,64.31848451659339,2.5884731525289126,2,5.152108995219102,21,29.2,74.6,owl_chronotype
8.127824404616893,72.65647446102575,3.0880875664334306,1,4.5749314647172,19,29.8,69.4,owl_chronotype
8.9498528728294,67.57398081978636,0.0,0,4.5672041691523235,20,29.8,71.0,owl_chronotype
9.042787409959349,72.67172161727902,3.1793141291954274,2,4.783585336016604,17,29.5,73.8,owl_chronotype
10.0,82.12245533019666,3.710112831811251,1,6.05321728965807,23,29.7,72.3,owl_chronotype
10.0,78.59800097337546,5.6684693817430425,1,5.091148715415836,23,31.4,68.3,owl_chronotype
10.0,76.92088430755986,7.060126734973702,0,6.457127891454813,12,28.4,85.9,owl_chronotype
8.199651632727472,78.45807135475069,5.986491874478312,0,5.940309263547099,16,28.6,79.9,owl_chronotype
8.467662819838132,69.75843343651172,4.789405870211175,0,6.410677112589677,27,28.4,73.5,owl_chronotype
10.0,67.38280707447905,3.2126950288404093,3,6.342894309777462,38,27.6,78.8,owl_chronotype
9.900005287312956,78.14514600696799,1.5177886583751565,2,6.38275876094457,37,28.5,76.6,owl_chronotype
10.0,66.07620506941528,3.944947745231662,3,6.217735135043805,35,28.1,77.8,owl_chronotype
10.0,77.66918839328807,4.187466597717959,3,6.630860544058304,20,26.5,69.8,owl_chronotype
9.94951185502338,74.21329957195543,2.933393523981278,2,4.609332876134983,12,28.2,62.1,owl_chronotype
9.16020827279267,65.01242143795398,5.4618373553359865,3,4.758542015296889,9,28.4,61.0,owl_chronotype
7.873669174423912,75.58648353198927,1.9734971924592957,1,4.750978333935209,13,28.0,64.0,owl_chronotype
9.144888759369067,67.21122491794065,1.4826736718203288,0,5.834871176647355,33,27.6,65.6,owl_chronotype
9.485962536366554,77.86680969550603,4.192808090820628,1,5.490862357144686,30,27.1,64.9,owl_chronotype
9.215623749100157,64.38205314403737,1.4473207224530795,1,4.757120634763696,19,24.5,73.6,owl_chronotype
9.696190537256001,72.72852832585302,3.8903143185693803,4,4.365740816244705,10,27.0,54.5,owl_chronotype
8.989344059272527,71.42368420536069,3.735008526308571,2,4.249256264214244,19,27.9,61.4,owl_chronotype
10.0,72.2317850686186,4.575736850066663,2,8.11341653843461,23,26.3,79.1,owl_chronotype
10.0,68.20929615706227,3.866366047062635,2,5.796133733874523,14,24.0,79.3,owl_chronotype
9.78750010334623,74.77814239037156,1.7078707861536113,1,3.7706753110372784,21,26.5,68.9,owl_chronotype
10.0,64.63045202841835,1.6878184598695927,4,5.475575515341749,28,27.2,69.6,owl_chronotype
10.0,76.63817766079266,5.463300520083108,4,5.258210133949546,26,28.5,69.0,owl_chronotype
9.186318056764739,72.82735771059255,4.1218680582680225,1,5.21722244568783,29,29.4,67.3,owl_chronotype
10.0,73.77870674612718,1.5094372646776097,4,3.9041217525428418,31,29.0,71.5,owl_chronotype
9.241641707421973,66.8308607740337,2.5596360110065968,2,6.9386280263628475,9,25.4,91.5,owl_chronotype
8.531180371373226,64.2199916342388,3.570137993064388,0,4.894387155505555,12,25.9,91.4,owl_chronotype
10.0,75.89562855097978,4.866824587321112,4,6.943103993398975,12,28.0,80.3,owl_chronotype
9.2100366330983,64.5771015723193,4.288162987188047,0,4.663509346738694,12,27.5,73.6,owl_chronotype
10.0,74.37653283982254,3.393911374785405,1,6.574161845348666,6,26.8,74.0,owl_chronotype
10.0,73.7754612652727,4.3174640900177605,4,4.5002600888196,12,28.6,77.0,owl_chronotype
8.652562247680999,71.67039927812186,3.180553050752719,0,6.135299109605705,17,29.4,76.8,owl_chronotype
10.0,69.48282033784781,5.827180475261034,4,6.621852071988233,20,29.1,77.4,owl_chronotype
8.367546923468653,77.28248257694378,4.384955766101722,0,4.557972405269233,13,25.0,89.8,owl_chronotype
8.311989513413456,64.19921602767397,1.2109623904933007,1,4.136359395761277,4,19.3,82.3,owl_chronotype
10.0,77.48876510266636,4.976124307646091,4,5.150904670907626,3,21.0,67.4,owl_chronotype
8.0877704574231,61.040765579309436,2.5738357828995744,2,4.3438943972222335,7,20.8,58.3,owl_chronotype
7.39955289477455,62.170604885047645,4.682277338864928,2,3.163692972587541,10,21.0,57.9,owl_chronotype
10.0,72.70494588284289,4.001886898658357,2,4.543926936200209,16,23.3,65.6,owl_chronotype
8.839790216945312,76.94124269173399,5.856101873304082,2,3.658766930181276,18,23.6,75.1,owl_chronotype
10.0,80.91264075470164,3.6313124879930125,2,4.942373200086541,15,22.7,72.8,owl_chronotype
7.730084140516411,67.32236550078635,1.3062761424363543,0,4.281855520615926,12,23.2,59.3,owl_chronotype
9.833638077246905,81.82179859480482,2.2934640508628164,0,7.421587351399463,7,23.5,61.5,owl_chronotype
8.592491253883777,61.8905699761944,2.167788478237901,2,4.599062337874586,14,23.0,63.0,owl_chronotype
8.888652744160426,73.89197635589393,1.426733670678347,1,4.687685113047257,15,18.3,67.5,owl_chronotype
9.541309361706292,65.94495027709245,5.098639292952415,4,4.995855455508234,13,14.9,48.8,owl_chronotype
9.008824454877374,74.58127509635,4.981211343531868,0,5.696177031287478,15,16.4,59.0,owl_chronotype
10.0,74.25751356184429,4.9831506772933345,4,6.3551010625977025,15,17.6,60.0,owl_chronotype
10.0,62.93701770444227,3.006226472632506,4,5.232222670383043,24,17.5,60.4,owl_chronotype
10.0,70.18174086900801,2.8594462157348803,1,5.404979224639055,21,15.4,73.5,owl_chronotype
8.37753217014339,58.03088445651496,3.601637087761166,4,6.832426972218742,34,16.9,73.9,owl_chronotype
8.63714421923604,67.1230771685495,1.5397247404363026,1,3.06591342614724,34,17.7,73.9,owl_chronotype
8.515329860102067,75.36686264698957,1.688016773944514,1,4.952149790312756,12,18.8,64.1,owl_chronotype
9.3703344340702,66.91733320996101,5.561778754039488,3,4.865883278466008,18,18.8,66.3,owl_chronotype
8.930720493737212,64.57188984642889,1.763347561924891,4,3.9906299506539487,33,18.6,68.8,owl_chronotype
8.61176307968777,64.97989690565008,3.9569912801698974,1,7.284393358744916,35,18.3,60.6,owl_chronotype
8.655804852057594,77.11888168002199,5.374778996366052,2,3.7775071989917057,26,18.3,67.0,owl_chronotype
9.289213591006673,80.42947295898047,6.3973500035779125,0,5.487339708783231,19,19.3,70.3,owl_chronotype
10.0,83.7524130176795,5.9864063853906835,4,5.377963391529784,19,19.2,85.0,owl_chronotype
8.464715192935273,64.2705296405037,3.575864706950998,1,5.405812642208079,33,18.2,76.9,owl_chronotype
10.0,71.24556583107164,1.8125249038339333,0,7.378665822666175,38,19.0,70.4,owl_chronotype
10.0,77.60314573291389,5.415821318055742,3,4.669291531654499,21,17.4,86.1,owl_chronotype
8.543902702837233,72.53571924886808,2.5035559310951325,0,5.814275464373277,5,16.6,75.0,owl_chronotype
8.392330131061543,65.80237883673722,2.86898980781226,1,5.687800911792848,11,13.4,56.0,owl_chronotype
8.682343740830033,70.16624814045065,4.7990059067538855,2,4.987375175129172,19,14.8,66.4,owl_chronotype
8.792645150090017,72.98587260188694,6.376908845463418,0,6.392734638009903,12,15.5,90.8,owl_chronotype
9.20847392059449,70.63501307319669,3.6212041119710214,3,5.509112081161966,15,12.7,75.3,owl_chronotype
7.068694170942625,41.06593318107487,1.248531055282689,1,5.791447695741122,26,12.5,71.4,owl_chronotype
8.479949770647876,48.765075216139294,0.673876394896487,1,5.9202188488891645,26,14.9,64.1,owl_chronotype
9.3965830960212,65.91902910161008,2.361466098011836,2,4.3179070999462414,23,17.0,68.3,owl_chronotype
10.0,82.73204182833855,2.7087081468250993,0,6.989917294371463,25,16.0,79.4,owl_chronotype
9.517924973668922,65.5253727668114,3.492991475714487,1,5.974439293844609,29,15.7,75.9,owl_chronotype
9.075657263131166,68.62869208256834,4.098145333929511,3,4.629281595099854,13,15.0,64.6,owl_chronotype
10.0,70.5663749613029,4.688829743764775,4,4.124773836044055,26,15.7,71.3,owl_chronotype
9.075057286614468,70.63661736537983,3.1587399854246003,3,5.358263415199542,32,15.9,67.8,owl_chronotype
9.545386720774765,84.92696321165619,5.564044297523128,0,4.2442199713357525,36,15.3,70.8,owl_chronotype
9.018296093691069,70.01589141391878,3.577807389883022,2,5.7547551846322715,31,18.1,58.9,owl_chronotype
8.814739412809155,72.9382641016417,3.74521091015077,0,5.25150391004094,23,17.6,71.1,owl_chronotype
9.499800853638835,60.459386591195155,0.37828254534827455,3,4.697054202443648,25,14.8,62.0,owl_chronotype
8.671466953698458,68.53522942674859,2.979297976315939,1,6.185737613155725,25,9.1,49.8,owl_chronotype
9.78925899969886,77.09634353055277,5.2400679301305795,3,4.180041227716729,20,7.5,46.1,owl_chronotype
9.921965058626652,75.06200402421241,5.654569692757426,4,3.3340547928637254,50,7.8,48.1,owl_chronotype
10.0,69.83117965394823,6.405415338522199,1,5.537320780627641,37,10.2,50.8,owl_chronotype
9.652822764307832,72.58899888437719,2.5870814038701644,4,6.3313371966061345,33,12.9,55.8,owl_chronotype
9.599863298881653,63.92530454224726,2.4552634607287716,3,3.9791563746904766,25,14.4,64.0,owl_chronotype
8.232590318916964,59.078738983388746,1.7021521757526288,0,5.638810074292837,49,14.6,64.5,owl_chronotype
9.485162313580062,73.48101574185227,4.858373987664571,4,4.706258115628594,36,14.3,66.8,owl_chronotype
8.55587456802302,65.97050576112102,2.079319460221549,0,5.749665469622547,41,14.2,62.9,owl_chronotype
9.783072606410606,84.9820715975448,7.465436266691858,2,5.131404467717123,34,14.8,68.4,owl_chronotype
9.899242238061202,79.60097013822464,4.200343245150645,1,6.110415987174434,29,17.0,65.1,owl_chronotype
8.958601050470763,67.9616858681979,4.0646917554428414,2,6.035969320739069,25,17.0,72.5,owl_chronotype
9.853790806394196,74.21383522603445,2.060539589738906,2,4.931865317336917,20,7.0,47.6,owl_chronotype
10.0,64.00861703556652,5.9281066867758305,4,6.082425984696833,15,2.8,30.9,owl_chronotype
8.462237307498793,55.65545779335844,2.1292575340816593,3,4.031991925603105,26,5.7,49.5,owl_chronotype
10.0,74.57213220045584,4.086981568099725,2,6.0529581761577305,41,6.5,65.8,owl_chronotype
8.853522199926811,61.37922386541859,1.781885020038478,0,3.9208418245276278,55,9.7,71.9,owl_chronotype
9.368645808995563,77.42887184523399,4.674336964098755,0,4.856035885779856,34,6.2,48.0,owl_chronotype
9.642089277794263,66.10269854502364,2.2968322191700112,4,5.1287479185873,25,6.4,47.1,owl_chronotype
9.073069636678204,65.94514405824599,2.828409329768549,3,3.9085772841342914,16,7.4,58.4,owl_chronotype
10.0,71.5560875552794,7.4387719678197115,4,5.492210002251152,23,10.1,57.6,owl_chronotype
9.774814282676155,76.07683764549392,4.962926026059941,3,6.0240740862826305,10,5.8,86.4,owl_chronotype
8.56374674524813,59.4887353443138,3.5265896364188216,2,6.054716858022134,9,-0.4,90.6,owl_chronotype
9.071543973230591,67.847863919748,3.158435857192042,3,6.341394786107051,17,0.8,82.0,owl_chronotype
9.566287128489838,78.8082214911167,3.5650016181302355,0,6.39405187753653,31,0.2,76.3,owl_chronotype
8.825709411505176,65.36020792685275,3.674890846193755,1,5.969160122961998,25,2.5,81.6,owl_chronotype
8.674772162306539,58.65626832078115,2.8468194789544037,3,3.742712180440642,30,5.2,89.3,owl_chronotype
8.701841735998642,58.83355040896139,1.9845111319123148,3,5.309675472904233,46,6.4,79.9,owl_chronotype
8.2344674861293,67.94305810621995,0.7305133324384667,0,5.1631533467701685,16,1.3,48.6,owl_chronotype
9.071614226566133,67.3024880422414,3.2111325006496867,3,4.329283956366146,21,3.1,52.1,owl_chronotype
9.019268658956195,62.127662092805856,4.254806611468232,2,4.253941469989673,21,3.9,62.8,owl_chronotype
9.028152907898429,69.53191951927509,2.1350383844376735,3,4.155869532235,25,2.1,49.3,owl_chronotype
10.0,77.16849434761916,4.7087569805757905,3,5.9234861907022935,22,0.2,56.9,owl_chronotype
10.0,75.26873577055582,4.324700781105839,2,5.141125929998241,21,-0.2,46.5,owl_chronotype
9.270876819110454,71.01352352862715,2.661458580993713,2,6.035700475149397,32,1.0,56.1,owl_chronotype
8.80926089105265,79.03856629283689,9.167482530154881,1,4.262238515691161,40,2.6,58.9,owl_chronotype
8.495447969371408,67.63653952917437,2.47873725456283,0,4.676626921766395,59,3.0,50.3,owl_chronotype
9.748028273792123,81.9146683205613,4.506179574762499,3,4.4659039558711795,43,0.5,45.8,owl_chronotype
10.0,69.38540517922095,4.476352173431802,4,5.2784944606777096,27,1.0,42.1,owl_chronotype
10.0,71.70186790835308,3.4106043856030466,2,5.82811134226204,28,-0.8,51.0,owl_chronotype
9.816790517074391,59.94055283304292,5.504584877923694,4,5.191581756242412,18,1.2,54.1,owl_chronotype
8.739095567926816,68.20263954434911,4.274351451778043,0,6.208623194016917,29,-0.2,65.9,owl_chronotype
10.0,79.79933726989366,5.375632520193783,3,5.662474384450331,24,-0.8,51.8,owl_chronotype
9.090531248365645,79.21303510053274,2.703399098655537,3,5.161756724574503,30,-3.4,47.1,owl_chronotype
8.828874697343227,70.60280576760378,1.6755563654437071,3,4.61076288866865,52,-1.4,47.4,owl_chronotype
7.994768029337772,50.841089102990864,2.2169448336825193,3,4.719198716236596,59,1.4,60.9,owl_chronotype
10.0,71.25651898357233,2.024342401629644,3,6.146390714263612,52,-0.7,74.1,owl_chronotype
9.75766740644767,71.23133273341912,2.234846482509625,1,5.109802069159511,19,-3.4,52.9,owl_chronotype
9.18094412872165,72.88282111418849,4.483207345856641,0,6.053998281765076,28,0.3,58.5,owl_chronotype
9.910304913912965,76.2118391752058,4.956352747890178,3,4.664518096185481,33,-0.4,50.3,owl_chronotype
10.0,60.55465787492335,1.5654953632350224,4,6.025133784476036,34,2.7,63.1,owl_chronotype
9.188937204015074,65.49619637105543,2.0990949951784805,1,5.956048056293433,65,0.1,57.9,owl_chronotype
9.589407064380525,80.18321748069522,4.986735861718788,2,5.479886348276538,30,-2.6,51.4,owl_chronotype
9.288098361510698,62.893027372109486,1.3069238502199911,1,4.414372619829108,30,-3.0,48.3,owl_chronotype
10.0,72.51251152273836,6.343289523640994,3,4.855178676560088,24,1.1,56.1,owl_chronotype
10.0,74.29440584663264,6.703399860067353,2,5.69148916249165,54,5.5,68.5,owl_chronotype
10.0,77.84429673793446,4.21980458319961,2,6.082971851247661,51,0.6,45.8,owl_chronotype
